id,name,popularity,duration_ms,explicit,artists,id_artists,release_date,danceability,energy,key,loudness,mode,speechiness,acousticness,instrumentalness,liveness,valence,tempo,time_signature
4qEHMJyER7OntYTtPsIT1W,11 RAZONES,63,213180,0,['Aitana'],['7eLcDZDYHXZCebtQmVFL25'],10/12/2020,55,0.874,5,-3.937,1,0.0508,0.00599,0,0.214,0.348,166.011,4
0JBDFmwpzyOBNO0IhQVypP,Rumble Under My Toes (feat. Kwak Pureunhaneul),44,234000,0,['HubbaBubbas'],['3gIJRdZc1tEYBYBM4C5dVt'],15/05/2020,63.5,0.384,2,-9.961,1,0.0344,0.449,0,0.209,0.474,140.036,4
2M3tSjTtZzFTpXAwYfSfPf,Pa Mi Ex (Freestyle),47,111984,0,['Jay Katana'],['6H8wAx4tVatfBivuB1ZSDZ'],14/02/2020,47.1,0.638,5,-7.876,1,0.231,0.457,0,0.13,0.581,77.55,5
2LjeUVxf9m9ugARNcTlbHT,6 months,63,217162,0,['John K'],['73eAAfRkS2Vi4hx68oTJJE'],12/11/2020,66.1,0.576,3,-6.058,1,0.0412,0.26,0,0.089,0.342,145.91,4
5ofAX1L6o8URHaZCNa71PS,<U+05DC><U+05D4><U+05EA><U+05E2><U+05D5><U+05E8><U+05E8>,40,209022,0,['Atar Mayner'],['1oTaLSazZlqH2azlemNZOm'],20/12/2020,77.3,0.638,7,-6.155,1,0.0374,0.206,0.00211,0.163,0.145,92.007,4
6tkGjy9COyQuVlQxtUv4Iw,Sempre,55,167609,0,['Emanuele Aloia'],['3vkFU3DBYyYBSUt323pj76'],18/02/2020,67.1,0.865,0,-3.379,1,0.0995,0.711,0,0.112,0.605,92.045,4
1kgwsfjRZQsySCXNyU8oRM,Röda himlar,51,225560,0,['Thomas Stenström'],['2DWNa2o3BbsIHeBq7Iu6E7'],24/04/2020,74.9,0.533,0,-9.636,1,0.128,0.653,0,0.107,0.791,140.008,4
1Hkb8MmSKLnCNDSqYiJ74P,Mergaite,34,235584,0,"['Vaidas Baumila', 'Mark Les']","['7AczdBjiNUjo4pxVVucvw1', '0tmr5IEFNFo4ogDHFKDWgU']",04/09/2020,54.4,0.636,9,-9.041,0,0.0418,0.0173,5.61E-06,0.171,0.318,99.922,4
6J2LdBN97cDWn0MLxYh9HB,July,84,156106,0,['Noah Cyrus'],['55fhWPvDiMpLnE4ZzNXZyW'],15/05/2020,70.8,0.186,9,-8.953,0,0.042,0.868,0,0.0779,0.322,72.541,4
283NIRno2srDoclKAPmk0F,El Favor,54,243984,0,['Las Pastillas del Abuelo'],['0D5U7oXEE4dut2DPyUDLca'],13/11/2020,37.7,0.664,0,-5.63,1,0.0465,0.309,0,0.15,0.427,75.191,4
0qM3Ll0jb8a7tA9MOIlNFo,Youth,60,210467,0,['Ásgeir'],['7xUZ4069zcyBM4Bn10NQ1c'],07/02/2020,57.3,0.638,9,-8.7,0,0.0265,0.356,0.122,0.125,0.397,109.96,4
0nd1tWz1bmTQ2ObCnZCLV9,Saigon,56,218667,1,['Guè Pequeno'],['7F2utINZ6tSokSiZTQBE27'],25/06/2020,69,0.719,2,-5.755,0,0.0837,0.0715,0,0.107,0.315,89.994,4
1HWZduZLTzLO3jB6pcSkKn,<U+041C><U+0435><U+043D><U+044F> <U+043D><U+0435> <U+0431><U+0443><U+0434><U+0435><U+0442>,51,253598,0,"['ANIKV', 'SALUKI']","['4uWhcZCwuPopf6JGvwsN2B', '07tFgedhta5b5WaF0Yj4bH']",13/03/2020,77.9,0.358,4,-12.819,0,0.0897,0.401,0.000388,0.115,0.297,106.998,4
5g0AAJ9jBSqs8xD0A0jVt0,Alles Is Gezegend - Edit,46,206206,0,"['Typhoon', 'Tourist LeMC', 'Brihang', 'Freez']","['6kBlEsdNeNW2qnmW56xDhx', '6mbdN4ACD50R8vBKGCfzsr', '05g1p6KAyYQ03SjqRiF756', '3Wg7xRNLUhziX8sgdRKEyg']",09/07/2020,45.5,0.478,0,-10.749,1,0.235,0.114,3.31E-05,0.195,0.588,173.613,4
12ZYXSzFJUSrFyO1u3Ylqx,Constant,53,190348,0,"['Jesse Barrera', 'Jeremy Passion']","['51KbY36mrjHRQwvSbel74l', '5Z8UTQtTYNu5o5FA66LFgv']",14/02/2020,66.8,0.427,9,-8.74,1,0.0271,0.492,1.44E-05,0.201,0.604,87.031,4
5HQfblxixTsQRTpqts6ULJ,Pokerface,50,201500,1,['Shooter Gang'],['7HAfa0zXzOgIEUdyxE08AO'],11/09/2020,50.6,0.772,1,-7.009,1,0.277,0.041,0,0.228,0.44,136.34,4
5GicfAM9t20Wo8UIA2IkVt,Fight Kulüp 2,61,437143,0,"['Killa Hakan', 'Massaka', 'Summer Cem', 'Contra', 'Khontkar', 'Anil Piyanci', 'Ceza']","['7HLErdUiPhh7mg5AxVEAX0', '4Fn5clYETVpCxnIcFSZhr9', '3drqpTL4sQOckmAfF9i1wg', '3tJELJoPZ4VTKmL0vppqLj', '1iJrQKRh5aJnp6cG5lpITr', '2u4xMsh0M2B7R8Wb3pEWae', '28Qbi9jTj2eej21P2mImZI']",23/10/2020,81,0.844,7,-5.677,1,0.235,0.293,0,0.136,0.486,126.051,4
0FKoeY4vThUSDa3UZkcoi3,Sensi,45,299567,1,"['Akim', 'Chamaco', 'Boza']","['2y0XUKKpAeeGyQ5ND7dTY3', '1xCbQhtV5c1Vc1I1n2jyv0', '2NfSBtmWe7oPw1EmetJVso']",21/08/2020,78.3,0.661,1,-8.873,0,0.122,0.182,2.18E-06,0.387,0.478,104.031,4
32cwuNVXC85MvbWtWZmEMc,<U+0410><U+0443><U+0442><U+0441><U+0430><U+0439><U+0434><U+0435><U+0440>,56,165298,1,['<U+0432><U+044B><U+0448><U+0435><U+043B> <U+043F><U+043E><U+043A><U+0443><U+0440><U+0438><U+0442><U+044C>'],['1YMUxFiaKsU85N9YolW0W9'],24/02/2020,83,0.417,8,-9.164,0,0.291,0.213,3.05E-06,0.266,0.648,151.025,4
0Hn5QyztsQH1iL8SCnJlJu,We Swarm - 2020 Remaster,26,352322,0,['The Glitch Mob'],['3a9qv6NLHnsVxJUtKOMHvD'],04/12/2020,66.8,0.737,7,-9.066,1,0.0496,0.00344,0.771,0.362,0.404,115.018,4
2GOnF9OwX7CSCHzinCr3VY,Neymar,55,211385,1,"['Light', 'Hawk']","['1UdbiTrv73Dp7F0s3OHmn2', '0vUcZVCNG7i5OV0zb8Icfw']",25/12/2020,84.2,0.694,7,-6.556,1,0.138,0.36,0,0.279,0.407,130.039,4
1d53xBpyruvMeU49kZOe93,"Saujana - Live at Jakarta Convention Center, Plenary Hall, Senayan, 2013",21,340120,0,['Kla Project'],['14kOlzXpWXGqpmhb05NcyU'],06/08/2020,28.4,0.52,3,-9.463,0,0.0411,0.133,0,0.14,0.131,132.168,3
4JyPPRoW8y6mA3XA7gKvoL,"Intro To The Circle Game - Live at The 2nd Fret, Philadelphia, PA, 11/1966",17,232640,0,['Joni Mitchell'],['5hW4L92KnC6dX9t7tYM4Ve'],30/10/2020,56.5,0.153,10,-21.606,0,0.378,0.911,0,0.358,0.434,103.309,4
0R68upnpXmMg57DD9KGE0R,Uha Da Da (HAM fra Syd x Barber),45,142041,1,"['HAM fra Syd', 'Barber']","['142bVo1OspxTJbxwyawU5h', '1B97ikWJN700ok7BMo1tws']",02/10/2020,91.3,0.478,4,-10.82,0,0.273,0.158,0,0.128,0.52,97.915,4
5GyyPRvEwdI4wJSUbzxHQv,Blanche,68,193453,1,"['Maes', 'Booba']","['6L34dW6SKMSDaGIfYDU19j', '58wXmynHaAWI5hwlPZP3qL']",16/01/2020,77.6,0.713,4,-6.121,0,0.143,0.525,0,0.306,0.551,127.987,4
4R3ygVAvyQlUTVfYG01IeP,<U+05D1><U+05E1><U+05D5><U+05E3> <U+05EA><U+05DE><U+05D9><U+05D3> <U+05D7><U+05D5><U+05D6><U+05E8>,37,174130,0,['Itay Levi'],['6VdxGMRiiFQhI8F0FkuQZg'],24/09/2020,43,0.314,5,-6.51,1,0.0297,0.84,0,0.0685,0.263,91.625,3
0LUdGEOj20wBg5M9BHrFTl,GIRL LIKE ME,69,222523,1,"['Black Eyed Peas', 'Shakira']","['1yxSLGMDHlW21z4YXirZDS', '0EmeFodog0BfCgMzAIvKQp']",04/12/2020,96.5,0.485,2,-8.784,1,0.191,0.0206,0.0237,0.0655,0.312,124.025,4
4xTlom5tmNmAvQ1FCgtfyM,Gutterne,46,148439,0,"['Specktors', 'Nonsens']","['36Na2YYP8im6qQJBZu2fsa', '09GJU4jF4zhNfN72mTyMCi']",31/01/2020,89.2,0.756,1,-4.274,1,0.0976,0.0851,9.05E-06,0.334,0.741,123.989,4
3hPqLlx7T1fOnbzr8075wB,Vita Veloce Freestyle,58,97297,1,"['Guè Pequeno', 'Dj Harsh']","['7F2utINZ6tSokSiZTQBE27', '5BNE7AF1Sp5bWiqtXpekFq']",16/12/2020,67.3,0.844,3,-4.256,0,0.428,0.209,1.67E-06,0.106,0.504,185.181,4
3i0CZ8RoNRrNoNkHzm8UYQ,All My Sins (feat. syd hartha),50,171851,0,"['Sarah Barrios', 'syd hartha']","['0HJsX1aTdgG1VDIRDiseSJ', '3BQ7MYNeB0wMPtHYPWvu1C']",04/12/2020,68.7,0.537,0,-8.141,1,0.165,0.355,2.48E-05,0.224,0.486,92.977,4
5IoboXC8wTDcWdQDd77Kdp,Si Te Vas - Remix,40,267416,0,"['El Kid', 'Italian Somali', 'Tobe Love', 'El Zeta']","['2by0Tdl2jFXvgXSlPPos8i', '38VNGRG9Wz2FOBKAyA6HFv', '0ly0DLYQGEwWTIvWwU6Jxs', '24iSgjiesQ2bhUsHsav2uk']",30/07/2020,51.1,0.537,5,-7.51,1,0.299,0.585,0,0.0563,0.763,91.365,4
63H9EvG0JABQ1qTDdLBEnK,Banda,56,223448,0,['Szczyl'],['2L5NIiBRiidSecXHHTB1Hm'],24/06/2020,76.5,0.519,10,-10.809,0,0.484,0.355,0,0.0696,0.836,174.035,4
2S68WpmPi4gFg9pg78alRb,Barcelona,56,194049,0,"['Andra', 'Dony', 'Matteo']","['72FGvJgYbs0NBeJqECy6cF', '2vwh0HUGUXwQAha9E4NiI0', '31s5WlyPC6fwjO56yCwors']",22/10/2020,76.8,0.742,0,-3.544,0,0.047,0.196,0,0.736,0.659,94.987,4
5ZGtPvWhxiafNdvAEoM66v,Lockdown,35,157333,0,"['DENIS TEOFIKOV', 'Malkata']","['5QO5nSTzmwGYnTFsJb8Gq6', '12a4KgFut39rBB8WjeN2oL']",14/12/2020,71.4,0.839,11,-5.608,0,0.157,0.19,0,0.334,0.765,179.976,4
0qvoxfYodIfe14gaidhnsV,Andha Kanna Paathaakaa,66,194500,0,"['Anirudh Ravichander', 'Yuvan Shankar Raja']","['4zCH9qm4R2DADamUHMCa6O', '6AiX12wXdXFoGJ2vk8zBjy']",16/03/2020,74.7,0.86,6,-4.071,0,0.279,0.301,0.0383,0.0743,0.625,90.445,4
2DwbFtfC6sXBiVDPmju8Dd,Happy Anywhere (feat. Gwen Stefani),72,170173,0,"['Blake Shelton', 'Gwen Stefani']","['1UTPBmNbXNTittyMJrNkvw', '4yiQZ8tQPux8cPriYMWUFP']",24/07/2020,53.8,0.745,8,-5.774,1,0.0387,0.1,0,0.063,0.669,165.755,4
1xK1Gg9SxG8fy2Ya373oqb,Bandido,83,232853,0,"['Myke Towers', 'Juhn']","['7iK8PXO48WeuP03g8YR51W', '2LmcxBak1alK1bf7d1beTr']",10/12/2020,71.3,0.617,8,-4.637,1,0.0887,0.122,0,0.0962,0.682,168.021,4
6lSSdXZtqF4tFlmaQyV0ut,<U+05E6><U+05DE><U+05D0><U+05D4> <U+05DC><U+05D0><U+05D4><U+05D1><U+05D4>,52,207536,0,['Liran Danino'],['1DuDDXSYBMLr55q9lYmDEk'],20/10/2020,64.5,0.494,1,-7.887,1,0.0357,0.525,0,0.188,0.516,124.98,4
5ifarM7jfplX1EqkqMHlDq,ALYX (feat. Capo Plaza),64,183028,1,"['Lazza', 'Capo Plaza']","['0jdNdfi4vAuVi7a6cPDFBM', '5SulO4l40qDuV9zUGLZx7n']",16/07/2020,80.4,0.605,6,-6.338,0,0.157,0.248,0,0.109,0.665,127.991,4
2DWLUeRQ0poXTXF31WVAs6,Mariachi,58,174316,0,['Beny Jr'],['22dFwJoRBV51ue5TGnC7Dt'],24/07/2020,56.9,0.423,8,-8.362,1,0.187,0.83,0,0.0866,0.489,125.497,5
6nF5vqu0U26AVeFM3Vryoq,Nidoje,31,336765,0,['Baltasis Kiras'],['0s1dSEjjHtQyxxL2dUYWbz'],23/03/2020,65.8,0.176,0,-15.633,1,0.0301,0.494,0.119,0.0895,0.267,124.957,3
1sZXYpO5HGPVM5KI8d3wXo,Fuck System,51,220992,0,"['Kali', 'Major SPZ', 'Sarius', 'Kamelito', 'Intruz', 'Dawid Obserwator', 'Dedis']","['3txlfIcKCNrKk5bJw1er3R', '5iM4dDbBN6a4OqxKPuxgS6', '3sW41aChSc5bBow0Folc1S', '4bQVaGW3P8fUU9SY0JhjhD', '2FTm53gPBRcAedc1rIFYn8', '17TxUtKcfnsMuLJ7GF0gBC', '2fpZqYlKXdf4A7AFZbbji9']",11/12/2020,88.4,0.85,1,-4.3,1,0.284,0.0862,0,0.077,0.693,139.971,4
2v6EvuXgKWGeFK2HukTKT9,Volvemos a Caer,53,196309,0,"['La Combo Tortuga', 'Gonzalo Yañez']","['1wyjMJTy6WbOvYBSDL9fMR', '0IbRsXxQF51TMsTaVNfeqA']",25/12/2020,52.8,0.756,4,-4.292,1,0.0477,0.288,0,0.149,0.678,174.096,4
5m7q006cDfrTVY4m119aGa,Starting Anew,29,79334,0,['Gabsam'],['5u8YyINoQpuJ9pNsDjpaav'],22/11/2020,63.8,0.224,4,-21.324,0,0.098,0.955,0.906,0.0797,0.0345,159.975,4
1xnkJ7O4Sz7D6vxPyjZkQt,La Gente Ta' Loca - Remix,50,218487,0,"['Ceky Viciny', 'Bulin 47', 'El Mayor Clasico']","['5UopXhshFFqRIMfeZrBclq', '4J0m1OquRGY8HYHxMocXfy', '5sZ0LIk7BJLJquEUUt5rJj']",11/06/2020,67.7,0.735,11,-4.409,0,0.325,0.0622,0.000258,0.626,0.801,162.216,5
78ktSyM7US3zKdG7rcpDMh,Over and Out,53,69068,0,['Malevi'],['2YFxnjI11Y9zoVANMi7UXe'],17/07/2020,85.8,0.372,7,-12.25,0,0.0808,0.0597,0.848,0.0971,0.831,159.972,4
2E7X83kz4UKeqOTTQyibHl,Grand bain,61,207076,0,"['Dadju', 'Ninho']","['4sbXXFzEWJY2zsZjelerjX', '6Te49r3A6f5BiIgBRxH7FH']",18/06/2020,63,0.393,1,-10.762,1,0.183,0.88,0,0.0894,0.166,145.051,4
25rJp2UNyZWmBSoVDzjRss,Sold Out Dates,66,141579,1,['Duki'],['1bAftSH8umNcGZ0uyV7LMg'],22/09/2020,75.3,0.721,0,-6.407,1,0.0797,0.0725,3.98E-05,0.171,0.27,119.942,4
670fUmXf4KQekzbEgaXyPA,dorothea,71,225880,0,['Taylor Swift'],['06HL4z0CvFAxyc27GXpf02'],11/12/2020,60.5,0.488,4,-8.322,1,0.0264,0.696,0,0.129,0.354,119.966,4
1HbA4N1MiOsPthALesGFR1,Monster (Shawn Mendes & Justin Bieber),79,178994,0,"['Shawn Mendes', 'Justin Bieber']","['7n2wHs1TKAczGzO7Dd2rGr', '1uNFoZAHBGtllmzznpCI3s']",04/12/2020,64,0.392,2,-7.246,0,0.0574,0.0593,0,0.0839,0.502,145.838,4
178iFQyGImdKhaD2PoVdnZ,Ben Elimi Sana Verdim,64,182248,1,['MERO'],['5wyWp867LWGjFmYZXVSFnZ'],30/10/2020,63.8,0.86,2,-5.761,1,0.199,0.0607,0.3,0.525,0.466,80.891,4
5mBWQ675Eb4j4fn6iuNnOe,Dime Bbsita,59,174197,0,"['Robledo', 'Alex Martini']","['5VyXOfvTQljStUXx1coETY', '5H18IK2f3v053mJ4t5at8w']",09/04/2020,81.3,0.544,5,-8.884,1,0.0577,0.0766,0,0.371,0.707,95.019,4
5jZQKuiGNtwrr7C8GFMVeL,Jacques Chirac,58,176733,1,['Lacrim'],['7DUTsWY3RBd64vh8UtgtYA'],15/10/2020,73.9,0.749,11,-6.641,0,0.426,0.0955,0,0.21,0.414,148.16,4
1Xg76rrdXgjYcg8sHRjr3W,Pinay Na Sobrang Fine,51,219850,0,['Kyle Zagado'],['3Ly8yKs8JYWtEURid2w3Mw'],07/01/2020,76.3,0.496,5,-7.022,0,0.0409,0.276,1.48E-06,0.0912,0.726,87.986,4
7vBvAgZizx6wvlVXMbvuf4,<U+3082><U+3046><U+3048><U+3048><U+308F>,58,301933,0,['Fujii Kaze'],['6bDWAcdtVR3WHz2xtiIPUi'],20/05/2020,62.4,0.585,9,-7.969,1,0.0593,0.43,0,0.357,0.296,81.956,4
5O1PunXKzWDDoXbc0jAi7M,Catch my Light,15,220627,0,['Ryuji Imaichi'],['70OLJdY31J0j1JgNcLsvSc'],01/07/2020,66.2,0.881,1,-3.26,1,0.0384,0.0431,6.02E-06,0.0617,0.702,110.962,4
6npz2LNhco8qYAloW7lTMS,Leyla & Mecnun,65,182545,0,"['Cem Belevi', 'Derya Ulug']","['5yhN4qXpv9cghmJglovvmg', '7A6T0nTpXnPXDUGM1yEjEj']",27/11/2020,77.3,0.776,9,-5.102,0,0.0432,0.0287,3.22E-06,0.237,0.619,111.975,4
2DMqXhMfSTj237KpRKVVo2,Placa Placa,41,146940,0,['El Robertxy'],['3CW0pkbyv88C6DG01WLXtH'],25/07/2020,93.1,0.897,6,-3.29,0,0.231,0.1,0.15,0.0925,0.664,116.99,4
7GUvguaB0Ltzva87xgSpVv,Billetes Verdes,64,140955,1,['Código FN'],['4A4qYy2jK9DDN1OHV0nLkH'],20/11/2020,79.6,0.74,8,-5.126,1,0.162,0.262,0,0.277,0.814,99.561,3
6l3av8pOsm2nCCIFgWekTn,Hareudang,54,321917,0,['Kalia Siska'],['70hsEvlt6YZPT97UIvzpEu'],16/05/2020,82.2,0.661,5,-5.434,0,0.0504,0.295,0.00068,0.0972,0.836,115.024,4
2JWwLOkaE3iBIzChCkMURC,Slobodna,53,176000,0,['Sima'],['7gQ6tkspAoOOoDaCuVcSwH'],13/12/2020,73.3,0.666,5,-6.926,0,0.103,0.759,0,0.0896,0.573,91.927,4
6HROjeieq7jkEfIthkd8M8,Wolt,41,339200,1,"['Tirpa', 'Krúbi', 'Giaj', 'AZA']","['0JKuWiUU9NSMX6aHa2hX6S', '6u7q0ZGK0oilVYx4kqIk3E', '2qtr4yL91shUToOIk0XTwj', '0qc8iWDHwRkMILIVDwpL5p']",11/12/2020,85.4,0.786,4,-7.476,1,0.234,0.0139,0,0.129,0.886,150.013,4
70Gg7ZAnrEzhcIB2zOiyVt,Amorcito Mio,67,203817,0,['Carin Leon'],['66ihevNkSYNzRAl44dx6jJ'],22/05/2020,46.9,0.223,0,-8.688,1,0.0367,0.546,0,0.308,0.401,87.227,5
4jAEuvVSGaMWG33ie3VxD8,Looking Back,33,127164,0,['Snorkels of Sanity'],['3pnK0y832QhmBmmUzdbgMw'],01/08/2020,61.1,0.535,8,-16.326,1,0.0334,0.00297,0.888,0.0988,0.853,134.058,4
2vnSWA8lzo8Jf9q7Yr2dLC,Broken Tape,44,60932,0,['Lil Naughty Mel'],['39A8BvolFElKVVSQ44c2su'],08/11/2020,85.1,0.319,11,-11.923,0,0.124,0.0271,0.813,0.104,0.474,94.791,4
5tv48i0u6LFg5axbkg96S6,Otra Vida,44,151167,0,['M-Chris'],['5iPVvACbD2WIYgv7xhqDFh'],12/10/2020,80.2,0.43,11,-12.112,1,0.218,0.541,1.12E-06,0.139,0.341,90.02,4
2fJ70dRX7J4jiVxKUQQp7C,DUMDi DUMDi,66,210640,0,['(G)I-DLE'],['2AfmfGFbe0A0WsTYm0SDTx'],03/08/2020,75.9,0.914,4,-1.072,1,0.0592,0.025,4.45E-06,0.076,0.674,123.047,4
7EjTKUE5HYHIecjIZIYIiW,Colpo Grosso,46,273548,1,"['SNIK', 'Guè Pequeno', 'Noizy', 'Capo Plaza']","['6wN4QyhoM6fN49kEB25rnl', '7F2utINZ6tSokSiZTQBE27', '2SabhGDiBSyaM6QSuBUVqB', '5SulO4l40qDuV9zUGLZx7n']",22/05/2020,61.1,0.834,6,-3.708,0,0.229,0.397,0,0.175,0.85,93.067,4
09DfRECzUwub5y6gP8qsgo,Opera,49,122776,0,['Duke Parker'],['1l9iBRaGY77s11PfCvz5QH'],30/12/2020,56.6,0.177,7,-22.552,1,0.0366,0.554,0.924,0.11,0.491,120.08,4
1s143RF2kStZ5oPUvILZul,Exhibicionista,39,89614,0,['Engel Crow'],['0PTR5ds2HDjeb0PIEHiiaL'],31/10/2020,82.6,0.968,1,-5.341,1,0.108,0.00676,0.00632,0.399,0.394,139.954,4
5zKG3eHDNhq2tAjruRnWeK,<U+041C><U+0430><U+0439><U+043A><U+0430> <U+043C><U+0443> <U+0441><U+0442><U+0430><U+0440><U+0430>,39,196000,0,['SkandaU'],['21Q5VJotowNOhkOD2x2Cti'],07/04/2020,80.8,0.526,11,-8.279,0,0.0657,0.0934,0,0.0868,0.111,103.979,4
2r4FPlaVXRdR2nSbUqcTgr,Yarinim Yok,56,181000,0,['Kaya Giray'],['35REohk9jOvZS11OhYJ6aD'],10/01/2020,70.1,0.668,9,-6.76,0,0.0591,0.325,0.0023,0.153,0.513,90.015,4
2EHmcprI7x6Nr4BL11MS3a,Year 3000,23,196387,0,['Busted'],['3Z6IRCo7umuk8K2XQy0ZDj'],03/07/2020,57,0.77,11,-8.431,1,0.0471,6.00E-04,0,0.0831,0.832,107.013,4
3AgMOlgdrG9RJXDWifcjVd,Bet You Wanna (Feat. Cardi B),70,159168,0,"['BLACKPINK', 'Cardi B']","['41MozSoPIsD1dJM0CLPjZF', '4kYSro6naA4h99UJvo89HB']",02/10/2020,54.1,0.688,7,-5.184,1,0.198,0.00479,0,0.0733,0.649,109.843,4
5Jey2NN31NEPU58pEreqt0,<U+4E00><U+5929><U+591A><U+4E00><U+9EDE>,39,216483,0,['<U+59DC><U+6FE4>'],['0DwdA5ZgTJcIQ2uIhc110D'],01/06/2020,75.8,0.514,7,-13.426,0,0.0473,0.0913,4.48E-06,0.15,0.787,124.64,4
0UN0qSJUnWWvIOgv3nYY2A,Barbar,66,180606,0,['Kaan Bosnak'],['03cvjFEHz8eGwYHq1L0Pp2'],25/12/2020,72.1,0.568,0,-10.492,0,0.0267,0.258,0.0978,0.128,0.795,99.017,4
5bpj0ZqFlll4Xir4BPmGZ2,How Do You Feel,54,168324,1,['Nick Klyne'],['3kykBEXWnTbBOYRKv78GyU'],13/11/2020,71.6,0.318,10,-8.854,1,0.0412,0.236,0,0.175,0.263,85.947,4
39yamZ1XJQBPkRDIBCWcwl,<U+041B><U+0443><U+043D><U+0430> <U+043D><U+0435> <U+0437><U+043D><U+0430><U+0435><U+0442> <U+043F><U+0443><U+0442><U+0438> (Demo Version),56,103327,0,"['<U+0422><U+0430><U+0439><U+043F><U+0430><U+043D>', 'Agunda']","['3j3rIX7t66e988oBfi1rno', '7iMSXDeyqD0QffnHHj3m3c']",14/01/2020,72.9,0.488,11,-7.268,0,0.389,0.259,0,0.446,0.586,172.077,4
67VXzMGtIrbj52tB6D4djH,Huyu Suyu,70,153972,0,['emir taha'],['1zofEGCCvRwAdhetK573gb'],22/05/2020,74.4,0.372,5,-12.749,0,0.141,0.478,0.000929,0.284,0.326,155.989,4
3yZCjDTxzZxx1kll1sRjGc,Emotions 2.0,68,146028,0,"['Ufo361', 'CÉLINE']","['5pVRwX5ZQR7hfJ18w8ZYkl', '5ZYOlPpI9FZu2uIPkTB0UA']",12/06/2020,78.8,0.491,8,-9.884,1,0.109,0.386,0.00088,0.107,0.271,98.543,4
0rWtmMYqgd9pqRvqKf5bYw,loodus ja hobused,44,252995,0,"['5MIINUST', 'Hendrik Sal-Saller']","['6acByqWJeuaM0TX5VoY6an', '2MLT9mFQ7sikVVqUx0tPry']",14/08/2020,72.6,0.763,9,-4.59,1,0.0577,0.0978,0,0.37,0.775,130.067,4
4mGnU11KMs4UsyV6GHaNqY,Siri,27,222000,0,"['Beatrice', 'Denu$ion', 'Ropz']","['2JwEiVkGIuCxy70AClY24s', '7dUWwcYwM84Cz1YYqNvfTA', '0RxlDFTmvMVGLy5ixeX3Da']",28/05/2020,64.6,0.639,7,-6.677,0,0.19,0.243,0,0.103,0.584,102.652,4
7bIq1v8svANsAys7I694Up,Heaven On My Mind (with Sigala),73,192573,0,"['Becky Hill', 'Sigala']","['4EPJlUEBy49EX1wuFOvtjK', '1IueXOQyABrMOprrzwQJWN']",25/06/2020,71,0.891,0,-3.116,0,0.0749,0.0313,0,0.365,0.705,125.024,4
2XXea7eZyOyQWHHs4s7yI2,Ek Tarfa - Reprise,56,241600,0,['Darshan Raval'],['2GoeZ0qOTt6kjsWW4eA6LS'],10/08/2020,32,0.453,1,-9.537,0,0.0329,0.889,2.60E-06,0.1,0.444,72.424,4
7L7WcTTsWLH3bIWno6Sog0,<U+041D><U+0430><U+0440><U+0446><U+0438><U+0441> ft. Tony,37,175059,0,"['Tsvetina', 'Anton Dimitrov Tony']","['0R0fzWAz5QAKu0drOfvFsy', '7vpncZU588CwIIqrWS4vns']",26/11/2020,68.1,0.748,4,-7.107,0,0.199,0.205,0,0.511,0.608,170.067,4
3NFsGpOMKoomJ177vpM2kQ,Perfect World,52,121690,1,['ROCKET'],['1WAB4gjjNfQpAgT5SoAbRE'],28/08/2020,93.6,0.338,2,-12.134,1,0.466,0.00816,0.00132,0.111,0.487,142.019,4
4aBkvup9dNq8A5wV2Hahlq,KLASS ETT,51,184925,1,"['HAVAL', 'Manny Flaco']","['4XW87HXcsYTkdK7IhSy2Kt', '2vduakOON9BipyWkPSBo4S']",25/05/2020,75.4,0.598,9,-6.993,0,0.0857,0.376,0,0.191,0.268,102.024,4
2ExrckON3Z1e95sxU9il2z,<U+0E02><U+0E2D><U+0E08><U+0E2D><U+0E07><U+0E44><U+0E14><U+0E49><U+0E44><U+0E2B><U+0E21>,47,201147,0,['<U+0E40><U+0E2D><U+0E4B><U+0E22><U+0E40><U+0E2D><U+0E49><U+0E22>'],['2eh6aBpW7umSFj4rFz1d0j'],20/08/2020,78.8,0.528,9,-7.693,1,0.0518,0.579,0,0.101,0.677,96.967,4
2ReOPzZ5eaKbZjLhlMjxDT,Öptüm Nefesinden,68,166907,0,"['Mustafa Ceceli', 'Ekin Uzunlar']","['3cNwyF5SboOs9icz2XyotE', '35ngoeYRyOveM0rPvahkot']",11/12/2020,71.8,0.657,6,-4.44,0,0.0406,0.388,1.08E-06,0.168,0.484,116.948,4
4fAYY2MNqhYlrtGJQlSItW,<U+0412><U+0441><U+0435> <U+043C><U+0438><U+043C><U+043E>,57,228889,0,['Artik & Asti'],['4ywf1iH1ruKEcfpCgfJvyA'],07/02/2020,73.4,0.797,10,-4.945,0,0.12,0.347,0,0.128,0.554,107.948,4
5Awic3Q2wuEp6LrwPdTVis,New Shape,64,221277,1,['Young T & Bugsey'],['6M6XXCcO5gI68XpIlrUL3Z'],26/11/2020,75.4,0.578,11,-6.1,0,0.0674,0.0867,0,0.341,0.36,141.005,4
4twQOhvaqsYxVLZwUxqYsO,Dayanak,63,152576,0,['Dogukan Saritas'],['530b8gZ5AZjVYeJwQGdSeC'],30/07/2020,62.2,0.582,11,-7.891,0,0.0418,0.76,8.79E-06,0.0863,0.371,98.984,4
5GAdMAL3tRJkVN1HtwohK2,Vai Ter Que Aguentar,71,172076,0,"['Mc Don Juan', 'Maiara & Maraisa']","['7Lmrb6KcIzfkmgbtokjsAL', '59jlthNnbmim5l9tmNA7se']",08/05/2020,69.1,0.558,6,-6.64,1,0.0455,0.331,0,0.0545,0.905,125.87,4
1dnDsxeWtaQ5QMRzTcFsIm,<U+0E40><U+0E17><U+0E32><U+0E40><U+0E17><U+0E32>,41,170375,0,['Morvasu'],['4S7sdsjS2srUTDPXAuOYw8'],24/09/2020,78.6,0.738,7,-5.137,1,0.0782,0.302,0,0.1,0.454,114.968,4
2Ee9amLUslOwgoJWZEpSSD,Mystery Lady (feat. Don Toliver),77,228453,0,"['Masego', 'Don Toliver']","['3ycxRkcZ67ALN3GQJ57Vig', '4Gso3d4CscCijv0lmajZWs']",10/11/2020,74.7,0.494,3,-7.957,0,0.141,0.393,0,0.0982,0.624,76.006,4
0GzuHFG4Ql6DoyxFRnIk3F,Hawái - Remix,83,200482,0,"['Maluma', 'The Weeknd']","['1r4hJ1h58CWwUQe3MxPuau', '1Xyo4u8uXC1ZmMpatF05PJ']",05/11/2020,76.6,0.788,6,-3.128,0,0.312,0.105,5.81E-06,0.142,0.609,179.984,4
73TM9iCEp8VtKZNXZADbQb,Déjà Vu,60,207947,0,['NCT DREAM'],['1gBUSTR3TyDdTVFIaQnc02'],12/10/2020,43.8,0.881,1,-3.451,1,0.179,0.075,0,0.121,0.419,171.909,4
4A4c8ijro3nlKgv39PDaAV,Bird,48,130952,0,['Platarc'],['1hXBals1WPTaY2OfYEjTak'],29/12/2020,23.5,0.0689,0,-17.829,1,0.0405,0.973,0.877,0.102,0.425,165.617,3
2X5s0oMbQKSt6S6d9EyMQG,Backstage,40,216585,1,"['CA$HANOVA BULHAR', 'Patrik Love ICY L']","['3aBiDlzy0xIlHfbHAWYton', '1YV8tnErKoEiXuWGYWMI8N']",10/11/2020,74.5,0.833,2,-6.471,1,0.508,0.373,0,0.0963,0.561,164.084,4
7fuPKXieOyX6mkFHkfcIJd,Så'n der,52,155460,1,['Tessa'],['3pJK3CUpbnyX7ogDfAwa9J'],13/03/2020,87.9,0.677,6,-5.016,1,0.0703,0.0121,0.000181,0.207,0.775,102.011,4
5lzHp4xQ5kioRYu1jG3Q54,PDW,55,188867,0,"['Bialas', 'Mata', 'Deemz']","['2ufQfSFDFXfMS7MEMzdGZE', '0MIG6gMcQTSvFbKvUwK0id', '3gm9b6AeMf2eGQTLashkDt']",05/08/2020,86.5,0.716,1,-5.204,1,0.0438,0.651,0,0.0972,0.851,127.998,4
37BfHeyvJKjwr7uHhpR69S,Hooligans,46,187500,1,"['Sadam', 'Beats Pliz']","['5svarA8QyRUWetgH9ZouQq', '6x6jVrxZYv8bB6fwPsg79E']",10/11/2020,73.7,0.715,2,-8.975,1,0.297,0.126,0,0.0586,0.563,128.11,4
23E53f3C9SJ9MqBh1f6hEw,Juramento eterno de sal,73,205547,0,['Álvaro De Luna'],['5N3YDBGT2gUzXgLDTwPRi5'],05/11/2020,63.1,0.594,2,-5.727,1,0.0581,0.0225,1.91E-06,0.351,0.716,129.991,4
187Pge0WmJNoS73kaIORSE,Figurinha - Ao Vivo,72,206002,0,"['Douglas & Vinicius', 'MC Bruninho']","['7M83IzPXGA4ClZJ5reW2Ro', '3shPgAzHMyRwWOkXeoWKeB']",10/07/2020,59.1,0.757,7,-3.322,1,0.0734,0.346,0,0.931,0.574,76.094,4
4AkBrI4VRERwkSVb1I7xFU,Milión Mínus,40,208000,1,"['Dame', 'Milion Plus']","['3AK5bCDWwrpsweYJq3mjNs', '5nnHdjcmMZ0uDgAauJQyFE']",10/07/2020,72.3,0.714,8,-4.104,1,0.227,0.432,0,0.11,0.606,89.981,4
75dLEqanQTupF3dtP9exT5,Yikes,74,156882,1,['Nicki Minaj'],['0hCNtLu0JehylgoiP8L4Gh'],07/02/2020,91.1,0.637,8,-8.381,1,0.447,0.0409,3.68E-05,0.238,0.66,149.996,4
30G3mpYB26smJ7961OmZo4,Whistle Song,55,144509,1,['kizaru'],['5NipqMGsY4AUeb7kGT8aVz'],13/11/2020,77.7,0.457,7,-8.742,1,0.142,0.101,5.08E-05,0.0892,0.339,160.075,4
6XiB2NVxr6QYWSJ6qVLT2p,Moglo byc nic,56,252314,0,['Kwiat Jabloni'],['53l3yjX8ITilPIlCRsVKEB'],06/11/2020,58.5,0.63,4,-8.519,0,0.0365,0.171,3.01E-06,0.112,0.204,148.001,4
4jVJQs8KWpovHznkDADXwR,Viernes 13,33,352000,0,"['BARBEL', 'Anyuri', 'Dubosky', 'El Zeta', 'LH']","['6oYwraA8pyfDH4Otny6ooZ', '3CC7UwBlcBeQtj20V9xjiE', '6tMb6Fah1HWzlaHE9ylNGJ', '24iSgjiesQ2bhUsHsav2uk', '4ebruhG8pei8qFQOfNxxLs']",13/11/2020,71.3,0.676,4,-5.818,0,0.237,0.0412,0,0.0812,0.307,93.989,4
6O8AI2tOKLKQ6C3Emm2KAL,New Years 2020,12,187800,1,['meija'],['5Uc38SFcTd4bzDk3hhvRu1'],01/01/2020,59.1,0.323,0,-8.758,1,0.0423,0.268,0,0.292,0.384,75,4
0xKBkLcF71uUQeTA7FSu4A,BEST ON EARTH (feat. BIA) - Bonus,74,160720,1,"['Russ', 'BIA']","['1z7b1Pr1rSlvWRzsW3HOrS', '6veh5zbFpm31XsPdjBgPER']",31/01/2020,84.6,0.748,5,-3.512,0,0.078,0.188,0,0.093,0.597,90.006,4
3tSC2qXHQvCfpvHD8qU48e,Yildiz Tozu,54,193636,0,['Ozbi'],['4DG2pTwQBor7a6wtoEABau'],15/05/2020,64.7,0.699,2,-5.192,1,0.26,0.0229,0,0.154,0.184,176.019,4
2xtP8RNbo2BEMzLX7tK7aq,CRY FOR ME,77,204168,0,['TWICE'],['7n2Ycct7Beij7Dj7meI4X0'],18/12/2020,70.2,0.692,10,-5.405,1,0.0539,0.0542,0,0.0877,0.419,144.896,4
5GhJIMWAw0uMLgkdbt6uMz,Fallin’ (Adrenaline),76,216504,0,"[""Why Don't We""]",['2jnIB6XdLvnJUeNTy5A0J2'],29/09/2020,60.6,0.9,0,-4.504,1,0.119,0.0101,0,0.075,0.233,133.963,4
0TuHarhoEmK2YdRcTq8hHT,Hello,47,277960,0,"['Jam Hsiao', 'JJ Lin']","['4AJcTAMOLkRl3vf4syay8Q', '7Dx7RhX0mFuXhCOUgB01uM']",26/05/2020,38.2,0.398,0,-6.479,1,0.0355,0.331,0,0.192,0.207,125.902,4
2MdloxY70RQRuhtfXIzdWJ,<U+041C><U+0435><U+043D><U+044F> <U+043D><U+0435> <U+0431><U+0443><U+0434><U+0435><U+0442>,61,253598,0,"['ANIKV', 'SALUKI']","['4uWhcZCwuPopf6JGvwsN2B', '07tFgedhta5b5WaF0Yj4bH']",15/05/2020,76.1,0.408,4,-11.306,0,0.0732,0.393,0.000798,0.123,0.302,106.99,4
7cjFLy14VVVjqaZdFLVXJ5,3SEX,56,257027,0,"['Indochine', 'Christine and the Queens']","['7knmbOGe07k85GmK50vACB', '04vj3iPUiVh5melWr0w3xT']",11/12/2020,70,0.635,0,-8.683,1,0.048,0.434,7.59E-06,0.144,0.303,137.995,4
1pIXewLP89AOO9xSpPb47A,De va inte jag,52,204944,1,['Dani M'],['5ILMkt5lW4KAyTXMNYWaGF'],25/12/2020,70.9,0.438,6,-13.905,0,0.491,0.466,0,0.175,0.674,89.104,4
51uXmhqGR76tT2UeKZyeN6,Quero Você do Jeito Que Quiser,73,215979,0,"['Marília Mendonça', 'Maiara & Maraisa']","['1yR65psqiazQpeM79CcGh8', '59jlthNnbmim5l9tmNA7se']",10/07/2020,69.8,0.604,4,-4.574,1,0.0457,0.501,0,0.251,0.353,127.707,4
6H7nHMlKFHqztFoo020VNP,Haltu Kjafti,33,128197,0,"['Birgir Hákon', 'M Can', 'Tommy']","['29G2YTqyNXysziWEYJMh8K', '4HH1mWwB2TwqdqBdStHy2X', '5GMZVEJOgKu6FesmjSAgcG']",08/05/2020,81.7,0.38,8,-8.458,1,0.445,0.219,0,0.247,0.663,79.579,4
1NfhS4IBo7m6npwPNMkZbJ,Tourner la tête,63,158900,1,['Hornet La Frappe'],['1kwzW1IszUiq4Gs9BFesvW'],03/07/2020,93.2,0.685,2,-6.349,1,0.0573,0.0252,0,0.0616,0.933,125.959,4
4F2JsHduN1Ow8CkyxsnLh1,Rože,43,158400,0,['Jessica Shy'],['0CinAWYkte8opxVAPI3nMu'],27/02/2020,72.9,0.556,1,-6.588,1,0.0403,0.19,0,0.0916,0.645,99.965,4
1ymDJCICVjtTUlUaxu4gSp,Mi Cuarto - Remix,53,161765,0,"['DJ Alan Gomez', 'Maty Deejay']","['6oMRQ5H3A2XA5I3RG3leni', '2q6Gq9jlgpNEWgOzRZELQP']",25/08/2020,64.9,0.583,1,-6.799,1,0.18,0.0945,2.53E-06,0.0943,0.65,204.077,4
0RxnJZJuG8RAaVPvCTHHxx,Rockstar,40,133714,1,['SNIK'],['6wN4QyhoM6fN49kEB25rnl'],22/05/2020,70.3,0.818,7,-4.937,1,0.0493,0.55,0,0.125,0.591,139.999,4
2Wrd2BrWi5aHkBaMCD3rhF,Odiarte,44,202052,0,['Boza'],['2NfSBtmWe7oPw1EmetJVso'],31/07/2020,64.7,0.704,11,-4.403,0,0.0648,0.186,7.00E-06,0.109,0.585,167.906,4
1Oiv1C9pBUMQYGiBpRFCLS,"Tak Bisa Ke Lain Hati - Live at Jakarta Convention Center, Plenary Hall, Senayan, 2013",18,371160,0,['Kla Project'],['14kOlzXpWXGqpmhb05NcyU'],06/08/2020,43.8,0.728,11,-6.769,1,0.037,0.00617,0,0.992,0.241,131.029,4
5exI5XctjOtnVztDjDXHVG,jumper,52,179307,1,['chillwagon'],['31KykqmaPRWmV8PMHgWdE3'],22/12/2020,74.5,0.762,7,-3.716,1,0.229,0.0186,0,0.0946,0.513,123.936,4
0IrPfi3cAgG7AGUvSKqbnX,Camellia Flower <U+B3D9><U+BC31><U+AF43> - Remastered,19,211053,0,['015B'],['4uU7KfTjcjyKUGWSaTzLu7'],27/02/2020,49.6,0.808,9,-4.181,0,0.0522,0.414,0.00872,0.0829,0.272,120.103,4
7zf3jGtS0UxMIkXq0bTt4M,"Kidung Mesra - Live at Jakarta Convention Center, Plenary Hall, Senayan, 2013",24,286240,0,['Kla Project'],['14kOlzXpWXGqpmhb05NcyU'],06/08/2020,44.6,0.708,6,-6.909,1,0.0315,0.0321,0,0.779,0.38,101.058,4
5DhcEJWVdkPNkJUVnbiUKo,Best of Us,71,197251,0,"['WIER', 'Alexa Feser', 'Annett Louisan', 'Bibi Bourelly', 'Christina Stürmer', 'Conor Byrne', 'Glasperlenspiel', 'ILIRA', 'Joel Brandenstein', 'JORIS', 'Justin Jesso', 'KAYEF', 'Kelvin Jones', 'LOTTE', 'Milow', 'Nico Santos', 'Philipp Dittberner', 'Sasha', 'Stefanie Heinzmann']","['2eGAHWide96MItPXtwxMr2', '0Yb66lSgYL9MFYw6jUHCVD', '0kcGSitPHYyZ9B7bP7wJo8', '3jDtqAKltRxJi64svLZGj7', '5GnRHCbhnGp57tp4whNvOo', '0hEeBhTVYUKs2B4PY2IdMB', '2UFKXTZgKtOTHSqMSyAcLO', '6mzs66iVW15C5iLt0JLt41', '0VUeSHZjbneQ8Ti7whkL9A', '7BKePXVmQRgnkbGcrFX1G4', '1QDrz3DMMaz3TB1cm0PGDu', '4hXT6A14n901v8DU5Of337', '2t1vHqFELDwweQWM6JYxHG', '3gqabzO7zvHVzAIT0Nxqa3', '6mo0UbyIvIePdXNyLwQlk5', '3A9B6c1CrSPauiOblw7pWz', '7oaSITFPadI3fnIxbv7hTa', '091dY4SjI2cy4YHdvhCjg1', '0bm9qSmVJmT9CEukIhhZY5']",25/06/2020,61.7,0.625,1,-6.655,1,0.101,0.192,0,0.0768,0.282,79.939,4
2GzxOl303G5yahULdJxAn2,Dag & Nag,41,211837,0,['Elandré'],['3Gg20zbz8OVW3iahm8uoYo'],28/08/2020,63.8,0.879,4,-5.466,1,0.051,0.336,0.000216,0.254,0.641,110.004,4
6LomKGX8Nroiqfvn7siU9k,My Music III,40,63368,0,['DJSima'],['7nCVyegsoh1LjGzn3jZmxW'],12/09/2020,39.7,0.0127,6,-25.473,0,0.0332,0.985,0.866,0.102,0.0867,120.574,4
73IHbP7MBz8BXsl3fXLKrZ,"Drop It - 132 Bpm, 32 Count Pro Edition",16,197744,0,['Gym Workout DJ Team'],['03Kgvh6NwIZHA8M3MKRTyg'],01/01/2020,49.4,0.798,2,-9.07,1,0.116,0.00766,0.862,0.371,0.145,132.143,4
4jhHaLksdP8DJZzxYAjOSz,Kemba Walker,63,152960,1,"['Eladio Carrion', 'Bad Bunny']","['5XJDexmWFLWOkjOEjOVX3e', '4q3ewBCX7sLwd24euuV69X']",31/01/2020,83.2,0.59,8,-7.168,0,0.272,0.446,1.43E-06,0.123,0.596,146.907,4
2o2sgVJIgFXk8GQjWTgI6U,long story short,72,215920,0,['Taylor Swift'],['06HL4z0CvFAxyc27GXpf02'],11/12/2020,54.6,0.73,0,-7.704,1,0.0417,0.66,0.179,0.0972,0.573,157.895,4
6tKBGfbhdHgZW7IrRvedj5,Lost Horse,36,232247,0,['Asaf Avidan'],['7t51dSX8ZkKC7VoKRd0lME'],11/09/2020,71,0.696,5,-5.674,0,0.0415,0.0403,0.00395,0.131,0.594,75.496,4
7rTqpSnUSS5kuBqlaucYPD,Laugh it Off,53,32026,0,['woon'],['70yWwTLV7A0R2rBZYLC9WC'],30/12/2020,41.5,0.186,8,-20.982,0,0.112,0.928,0.869,0.105,0.499,100.373,3
0RZVAhyB8vhxQz6ITjiuyA,Noise,60,340281,0,['Nightwish'],['2NPduAUeLVsfIauhRwuft1'],10/04/2020,50,0.85,2,-7.759,1,0.0493,0.000406,0.00515,0.121,0.434,76.976,4
7t1CJFGZcC5jXU3PJCucn2,<U+0422><U+044B> <U+043F><U+0430><U+0440><U+0438>,57,234667,0,['JONY'],['2ISiyx4DLCMAMBCvPesCoq'],21/08/2020,74.6,0.674,8,-5.192,0,0.186,0.347,0,0.0478,0.551,90,4
5YPKiDLejR1JhnX6w2lhro,Spigoli (feat. Mara Sattei & tha Supreme),59,256787,0,"['Carl Brave', 'Mara Sattei', 'tha Supreme']","['29nrwultxQ8jENVmXoyMqK', '0zoMmzmyi8N8LwzhyXPvtk', '19i93sA0D7yS9dYoVNBqAA']",17/12/2020,72.2,0.706,0,-5.902,0,0.0481,0.148,0,0.102,0.693,132.982,4
1JLzrXRCV1IBnOMdo7cCaM,DIP DIP,61,146400,1,"['Dree Low', 'Owen']","['3tNPDodRNuLdezJnTsYOqy', '0Q5gLNKbp5mpfEvquAaHCl']",10/03/2020,81.5,0.683,6,-7.154,0,0.215,0.203,4.89E-06,0.11,0.573,100.111,4
6gxKUmycQX7uyMwJcweFjp,We Paid (feat. 42 Dugg),80,181929,1,"['Lil Baby', '42 Dugg']","['5f7VJjfbwm532GiveGC0ZK', '45gHcnDnMC15sgx3VL7ROG']",01/05/2020,92.6,0.542,1,-5.064,1,0.293,0.135,0,0.0877,0.564,135.14,4
2pI0OyprOJssVYlqx9ZO3t,PAPÁS,66,193187,0,['Mau y Ricky'],['2wkoKEfS6dXwThbyTnZWFU'],06/08/2020,78.5,0.847,6,-3.182,0,0.0904,0.083,0,0.101,0.932,93.024,4
2iNZMMFEii4fU827NTyQ1J,Rap Da Akatsuki: Os Ninjas Mais Procurados Do Mundo (Nerd Hits),67,591299,0,['7 Minutoz'],['2563ILWHSx52eOxOoi5rJW'],12/05/2020,50,0.666,0,-7.784,1,0.124,0.226,0,0.361,0.332,115.996,4
5CZbxKM8Ibh3RmfB7xFAzm,Fendi,54,210000,1,"['Dirty Harry', 'TOQUEL', 'Ortiz']","['7BXe1v4YJm7R5wg2ioeA1q', '7AWAljMatr7bxddF4kWzXG', '6nidPawoE1wPgAtFmeyXyR']",23/10/2020,87.3,0.536,2,-9.273,1,0.0757,0.415,0,0.103,0.376,119.984,4
6sIE2GmdLDX8L96IEKmDls,All We Have Is Now,42,262356,0,['Charmaine Fong'],['1DgBVE3lCnC7Osg9zpAt6N'],10/07/2020,62.9,0.663,1,-7.078,0,0.0281,0.471,0,0.158,0.648,97.958,4
1K5KBOgreBi5fkEHvg5ap3,Life Is Good (feat. Drake),77,237918,1,"['Future', 'Drake']","['1RyvyyTE3xzB2ZywiAwp0i', '3TVXtAsR1Inumwj472S9r4']",15/05/2020,79.5,0.574,2,-6.903,0,0.487,0.067,0,0.15,0.537,142.053,4
4CdXSPryvRL6kmpFbs1qAR,<U+8907><U+5BEB> (More),45,186067,0,['Vast & Hazy'],['2O6Fn6smW8hJ5x9rOUDPJc'],04/12/2020,67.3,0.486,5,-6.837,0,0.0261,0.681,0.096,0.142,0.393,95.933,4
3hUxzQpSfdDqwM3ZTFQY0K,august,77,261923,0,['Taylor Swift'],['06HL4z0CvFAxyc27GXpf02'],24/07/2020,53.2,0.623,5,-9.208,1,0.0331,0.538,7.28E-05,0.0925,0.403,89.937,4
1kcdmVA4NgAvb1tveTD6xx,Sta Patomata,40,189136,0,['Lena Zevgara'],['3LE41qCjcf1FeakeVX7OxB'],10/12/2020,59.6,0.604,4,-5.712,0,0.0586,0.423,0,0.0855,0.288,75.977,4
0HRnmcWxw0Aeu4VtQXg42j,Hangover,44,139702,1,['Ude Af Kontrol'],['2ZbyyCS8KLKsuoNlxc76Ev'],14/05/2020,86.5,0.867,6,-7.011,1,0.237,0.0962,0.000514,0.0909,0.574,134.068,4
4wz9be3iTHln8swogVIAwR,#THOTMILANODM,58,186000,1,"['Radical', 'Thelonious B.', 'Rosa Chemical']","['4k6hMjEI3XFfMcRLCa9yd3', '7rccKwEbDm4PjYBEZFEm3A', '5gYADZXuZoaJwrwfAPbKuH']",23/07/2020,83.9,0.698,9,-5.591,1,0.325,0.189,0,0.15,0.662,119.984,4
2gyEwWaXJH2rIRTVLOGAJW,Ji Mergina,32,199279,0,['Vilius'],['0UcbPyUj0eQErEriDa2nMo'],03/12/2020,56.6,0.436,10,-9.037,1,0.081,0.509,0,0.0853,0.329,185.852,3
5VqJVGzF8hfUb7eXGbzbqu,Tehke ruumi!,28,215547,0,['Trad.Attack!'],['4y7F4eXlLbqZ5IF9hxoxb5'],17/04/2020,60.5,0.805,11,-4.923,0,0.0367,0.0348,1.67E-05,0.0665,0.229,132.032,4
3vmEdpP9uCGAak2Mx5H5Ol,Pa Los Gustos Los Colores (Remix),62,318600,0,"['Javiielo', 'Brytiago', 'KHEA', 'Omy de Oro', 'Nekxum']","['3HH6yOn1yJNZo3RY5zEfy5', '00XhexlJEXQstHimpZN910', '4m6ubhNsdwF4psNf3R8kwR', '65jIUih0ZeTUJhSTRuYxpi', '4gZwJrNP5NG3KGS2dRcS5c']",02/10/2020,73.2,0.75,9,-4.704,1,0.189,0.361,0,0.258,0.442,160.058,4
5TtFAmdGW48ebOkoZ6YSxn,Lost,59,241379,0,['Culture Shock'],['6lp2VnIRXXpC9Wz7hSX6RE'],11/12/2020,54.2,0.947,8,-1.946,0,0.0634,0.0711,0.0157,0.641,0.457,173.979,4
40NEzaZf0YyrxCbD7PPeop,El Rey De La Popola,51,187783,1,"['Rochy RD', 'Tokischa']","['4riOEaOW5hCeqomFDBk0aP', '2p4aN0Uxkk3iT3HK0cJ2cJ']",07/12/2020,91.5,0.819,0,-5.145,0,0.16,0.0649,0.0266,0.0483,0.767,106.014,4
3c39RLhnaw269QgsKnhFng,Enfants terribles,69,181773,1,"['Landy', 'Ninho']","['2EFpb61Lpi0l5ldOiqbZkK', '6Te49r3A6f5BiIgBRxH7FH']",18/12/2020,84.6,0.559,2,-7.725,0,0.365,0.534,0,0.131,0.668,129.956,4
5dKlbv9CJjO5tC1jFQgZeH,Jee Karr Daa,55,198710,0,['Harrdy Sandhu'],['4ITkqBlf5eoVCOFwsJCnqo'],06/03/2020,79.4,0.757,4,-4.638,0,0.148,0.323,0,0.104,0.403,92.958,4
7kxvn9nO0j9g0M8LfEciWu,Visa dina tuttar,55,144039,1,['Nikotinhora'],['2DtpGpXxwiS2CZ10a09fp6'],26/05/2020,81,0.402,6,-17.178,1,0.12,0.691,0.000453,0.166,0.694,159.97,4
3zIhQR5cyxpVn8WpEivBCr,Punya Paap,59,180558,0,['DIVINE'],['4Ai0pGz6GhQavjzaRhPTvz'],03/12/2020,78.1,0.488,1,-9.138,1,0.317,0.0515,9.68E-06,0.1,0.449,139.899,4
0VhCoaPF2pVvwYbQewu2zi,Lifestyle,51,168000,1,"['Trill Pem', 'Wac Toja']","['0x4xJCGDyTlKr47RF2WXzu', '5AmZdY72O0NVE0XxWdMfxv']",29/12/2020,75.2,0.676,0,-5.468,1,0.146,0.067,0,0.136,0.402,160.063,4
3gHFHI3hzsElvxHabe0onO,"Laguku - Live at Jakarta Convention Center, Plenary Hall, Senayan, 2013",12,348680,0,['Kla Project'],['14kOlzXpWXGqpmhb05NcyU'],06/08/2020,55.9,0.83,11,-6.499,1,0.0526,0.00927,0,0.851,0.523,118.024,4
3quis1aFmQ0tlDbbq3RPOx,Hvis verden,61,223720,0,"['Chris Holsten', 'Frida Ånnevik']","['63Dir7MyAhpGcHU3rOh3uF', '0SlejFsyHq7i1ZgWoRWdH2']",15/05/2020,54.7,0.24,11,-12.071,1,0.0869,0.858,0,0.0938,0.24,143.085,4
3uIl1Dd6ghzfaDHEkyyjgc,Mernic,39,154076,1,['Nane'],['1QexdJFYGyxdBlEpDSy0d4'],22/10/2020,73.4,0.663,1,-7.252,0,0.112,0.184,2.27E-06,0.108,0.537,144.973,4
6HibhGOvkFN74gWRTr6w2i,Say So - Japanese Version,68,242327,0,['Rainych'],['3dTzeO0QCd86cXSgQ04Y3r'],31/03/2020,73.2,0.668,2,-6.768,1,0.0443,0.775,5.49E-06,0.223,0.705,111.003,4
5IONrCRMaQomlgoKpIoI8O,Ge upp igen,70,170227,0,"['Miriam Bryant', 'Yasin']","['2zd9YxlsQvA5mkZ1NarYVQ', '6rYEqmajzlhGVaayOJ2bpJ']",13/11/2020,57.1,0.694,5,-5.697,0,0.165,0.839,2.18E-05,0.165,0.785,97.138,4
1aYCO1g5B1Jrg3kz6TXL3o,Te Equivocaste,65,275684,0,"['El Mimoso Luis Antonio López', 'Grupo Firme', 'Luis Angel ""El Flaco""', 'Grupo Codiciado', 'Luis Alfonso Partida El Yaki']","['7AUgYiThuW80zSOwY7Ub2g', '1dKdetem2xEmjgvyymzytS', '4kJ2OBSNasUA4yOT5NCfCl', '4aWhlVjiUjYHpVWBPP8AFc', '5l6N2hoIaP7snXdjnCULvk']",24/11/2020,45.7,0.606,10,-2.79,0,0.0485,0.142,0,0.396,0.519,80.666,4
5J7teKIJGtqVypgYI6sqXj,Una Vez,79,232496,1,"['Bad Bunny', 'Mora']","['4q3ewBCX7sLwd24euuV69X', '0Q8NcsJwoCbZOHHW63su5S']",28/02/2020,55,0.598,11,-5.402,0,0.0831,0.132,2.58E-06,0.0955,0.543,83.836,4
7DcgzLe6JYdVETFDv6KBEH,Pa Que Me Recuerdes,52,180667,0,['Andy Rivera'],['7hIqJfRYGBWWT1Qxu6Cpd2'],09/10/2020,83.8,0.695,10,-4.804,1,0.105,0.326,0,0.121,0.605,90.048,4
0eze4LIMF6JZeXZBXFeqqf,Düserken,61,196924,1,['Keisan'],['5Pd3tsRa9fj2Q3JPQ0tYEv'],31/07/2020,80.7,0.609,3,-7.749,0,0.0824,0.496,2.21E-06,0.124,0.114,115.998,4
7i628ClWCTuc3WIUxJ7lAQ,All Your Ships have Sailed,42,258360,0,['Troy Kingi'],['5B3LZw3NTEg074irKeEAom'],11/09/2020,71.9,0.599,7,-8.174,0,0.0524,0.458,5.71E-05,0.355,0.874,92.021,4
7D93pJcwymzaZx8WgBo2zG,Algo Mágico,72,261603,0,['Rauw Alejandro'],['1mcTU81TzQhprhouKaTkpq'],13/11/2020,69.9,0.612,11,-4.355,1,0.0667,0.757,0,0.161,0.591,100.005,4
4rAXvF3Bh1MZlHAVsmI890,BABY,60,152764,0,['Madame'],['1vgQksyJ0IVz8y9XerEOy3'],28/02/2020,80.7,0.864,10,-5.854,0,0.114,0.127,0.00711,0.094,0.331,122.116,4
1nLmTIGzbm7OKaZo17cDoC,Testvérem,39,193333,0,['Pamkutya'],['1VuCKCfnGqboppigH0s2Jr'],28/02/2020,82.4,0.702,5,-4.902,0,0.0583,0.0981,0,0.0728,0.266,108.052,4
2YdXecjfECHt5P7bv8XVA6,Klär av dig,58,202887,0,['Victor Leksell'],['6RJXSfbIkEMoCJ8GAg2dVO'],17/06/2020,76.8,0.402,1,-11.574,1,0.0442,0.411,7.82E-05,0.111,0.481,96.941,4
6fGyrAxqgdvhzcOKlMQq5s,Illuminati - Remix,72,290667,0,"['Kiddtetoon', 'Diego Smith', 'Ozuna']","['2zfwez4uxbP8NcFy3kaNLF', '60d7XKY1qqY5cPnXOCVvo6', '1i8SpTcr7yvPOmcqrbnVXY']",05/11/2020,89.2,0.531,0,-8.311,1,0.182,0.06,0,0.0996,0.501,89.995,4
3MPFuEXwjdrR7yKua2wrUL,<U+041E><U+043A><U+0435><U+0439>,64,159907,0,['Tima Belorusskih'],['0bOSNnz9bGAUlV3OJ3rnQW'],09/09/2020,79.2,0.441,2,-7.005,1,0.331,0.778,0,0.111,0.569,79.958,4
3DDVY43GyHcjQ7MYdYg5Wy,OVERDOSE,23,245227,0,['Hiroomi Tosaka'],['4lsSLCTKrmfULsRivqAShx'],01/07/2020,49.7,0.73,1,-4.561,0,0.0573,0.591,1.34E-06,0.19,0.496,153.03,4
5YD3gRdQEI1sS07ABiNQPv,Lovesong,47,196000,1,['Sima'],['7gQ6tkspAoOOoDaCuVcSwH'],13/12/2020,57.2,0.564,10,-7.362,0,0.183,0.514,0,0.202,0.283,80.207,4
21K7JKqyQTja3y3SXLZlmp,Armonía,37,205080,0,['Brea Music'],['0A6Z1WAKcqou5690rMtiIG'],21/08/2020,31,0.147,2,-20.37,1,0.0323,0.933,0.779,0.125,0.0372,60.088,5
4Nsl4QUGw8Zm3VOd8LDgqb,Velik džem,37,120163,0,['Drejso'],['0I3vKuN9xwSD4bWWFpEiKc'],07/12/2020,26.1,0.459,5,-7.542,1,0.0333,0.978,4.22E-05,0.145,0.599,178.925,3
4FUMXnmaJwp6dEAdzbDuSR,The Time (Dirty Bit),41,307640,0,['Black Eyed Peas'],['1yxSLGMDHlW21z4YXirZDS'],30/10/2020,81.6,0.814,6,-7.798,0,0.0663,0.0661,2.76E-06,0.602,0.436,127.978,4
6L8M6liNZhP2SYN4K6TKSJ,I CAN'T STOP ME - English Ver.,50,205485,0,['TWICE'],['7n2Ycct7Beij7Dj7meI4X0'],16/12/2020,64.5,0.881,10,-3.459,0,0.107,0.173,0,0.427,0.76,149.959,4
6gcQJ6W4H89xkQFm63gcsB,Holy - Acoustic,65,205816,0,"['Justin Bieber', 'Chance the Rapper']","['1uNFoZAHBGtllmzznpCI3s', '1anyVhU62p31KFi8MEzkbf']",05/11/2020,53.2,0.566,6,-6.511,1,0.0467,0.706,0,0.161,0.576,79.927,4
0VMigv7BI8OpP6CRSkyKX6,Vastunna Vachestunna - Telugu,54,212000,0,"['Shreya Ghoshal', 'Amit Trivedi', 'Anurag Kulkarni']","['0oOet2f43PA68X5RxKobEy', '7HCqGPJcQTyGJ2yqntbuyr', '6LWyVEIBnx7MoRBhQxu9om']",10/03/2020,62.4,0.386,4,-10.502,0,0.0764,0.544,0.0047,0.118,0.269,180.166,4
5qAMsFqClevxs2nuZbReDW,Cuore Rotto,58,166726,1,['Noisys'],['6H5GGtS0sPeHTZjS5q70D7'],02/12/2020,68.6,0.538,6,-9.15,0,0.107,0.527,0,0.106,0.142,113.046,4
2Gc5ob0qOzs7bm3aOM80Kt,Laiaks Lüüa,32,163800,0,['Nublu'],['2cNMMulo6S2a0tHrwX2s6i'],27/07/2020,75.3,0.45,11,-9.925,1,0.209,0.609,0.0037,0.165,0.72,100.011,4
2TM1XdeCPHugLCyLDG0wut,<U+30C9><U+30EC><U+30DF><U+30BD><U+30E9><U+30B7><U+30C9>,50,305867,0,['Hinatazaka46'],['0eQSoTI7sQENREQM8Klp2j'],23/09/2020,70.2,0.968,10,-1.792,1,0.0969,0.702,0,0.368,0.733,133.021,4
6TmpRHZKmvGZoFs7XDXFjK,Cuckoo,46,193554,1,['Netta'],['4Z4afeDmHFxPmJorIwupbZ'],16/05/2020,65.2,0.564,0,-7.966,1,0.143,0.107,0.000138,0.431,0.389,173.982,4
0gJWKQi26xqhxz9AU4HREF,Lazy Bop,48,187972,1,['Miklo'],['1ehbJ6ob0exKXppmDcfhm8'],30/10/2020,80.9,0.701,11,-6.894,1,0.379,0.168,0,0.342,0.808,142.972,4
6jZRBkC7Pcv81gVwOdClHW,Dibi Ne Kadar,55,256776,0,['Evdeki Saat'],['0w92tV1EQp7sxly7UjGR4P'],16/10/2020,66,0.567,0,-12.08,1,0.041,0.00384,0.0437,0.0993,0.879,101.02,4
0ucNzMnCHEie4xsPApMytS,Området,50,262603,1,"['129', 'Siyabång', 'YEMZ', 'T Section', 'redz', 'Money Mitch']","['20Bh4yKL5m0TFTTVmGZ3Fy', '6Ry0CvCsPRp7Z9qewvxYBK', '79XWxalruIi96rUA4ecKyG', '6JQh39rF2lAj25dMHEXpoC', '5eQLUZnp30Cq4ZxkMsnSil', '725xSOA47ZQ5WxUAPaT5kB']",02/07/2020,80.7,0.593,0,-7.529,1,0.287,0.423,2.14E-06,0.121,0.761,142.029,4
2ckpS5tzKUVhJAAB6f9Xwk,"Il était une fois nous deux - À toi, Joe Dassin",58,215267,0,['Les Frangines'],['2sYOUJa6fNc4ke4Zo6EkZ4'],24/09/2020,76.5,0.645,10,-7.772,0,0.0319,0.53,0,0.0955,0.46,123.038,4
4NVHhia6yRB4RsRTlpzsz3,Penelope (feat. Clever),55,183702,0,"['william', 'Clever']","['1UdLtKAD4FbM7r2XCfAWAs', '5yy76ufVriyvidNSvXlRU1']",21/02/2020,79.4,0.668,9,-6.24,1,0.0366,0.0434,0,0.139,0.789,129.948,4
3IqcBL5yjJK3ri0TGaL3MC,less of you,65,206893,0,['keshi'],['3pc0bOVB5whxmD50W79wwO'],24/03/2020,56.3,0.678,7,-5.885,1,0.0495,0.544,1.34E-06,0.117,0.568,169.963,4
6DdSPAz2OfONDC9ZYtnuu3,Fading Like A Flower,56,192276,0,['Frida Öhrn'],['29QsRvznF9E1oeAZFrhTfq'],05/06/2020,58.9,0.584,0,-7.05,0,0.0534,0.0387,9.07E-06,0.189,0.527,114.016,4
4ef665KqgZWRooxhSwtQtH,Yessir,62,172389,1,"['¥ellow Bucks', 'Eric.B.Jr']","['1Fe6FA7A57suR2KAaERpqH', '5iiCEORKky6Ecc38uEUXX0']",21/08/2020,80.3,0.588,10,-4.68,0,0.0641,0.184,0,0.0792,0.571,89.973,4
6Ynt8deU59F0BcJliiOY3H,ny90,18,133000,0,['Ezzy'],['1GUjxtOEHWzcLju2zUw0Pu'],20/12/2020,74.4,0.335,6,-9.487,0,0.166,0.762,0.444,0.104,0.229,87.858,4
4nlvKIIetOWGIMyhjQXgOZ,The Difference,74,139663,0,"['Flume', 'Toro y Moi']","['6nxWCVXbOlEVRexSbLsTer', '6O4EGCCb6DoIiR6B1QCQgp']",11/03/2020,56,0.865,1,-1.148,1,0.0909,0.255,0.000153,0.083,0.424,159.96,4
265SFiKBPvo5ojatV1egRk,The Woodchuck Song,67,154395,0,"['AronChupa', 'Little Sis Nora']","['5vCOdeiQt9LyzdI87kt5Sh', '1KYt3TMGpa1LtVi0m2A0F9']",17/07/2020,89.8,0.77,1,-4.97,0,0.302,0.0165,0.00216,0.207,0.412,126.031,4
3NHx7iwNwaQ2hUqxgRqOxF,<U+05E0><U+05D4><U+05D9><U+05D4> <U+05D1><U+05E1><U+05D3><U+05E8>,42,204750,0,['Sapir Saban'],['5Aw431uxuPIJWiPuiEpIWr'],18/05/2020,62.5,0.384,0,-9.65,1,0.0876,0.723,0,0.405,0.469,79.822,4
07lWoDFuTaMXH3Ez2fguFa,We Had A Dream - Live 2019,20,268347,0,['The Kelly Family'],['5KU4DdFlZy6aiI5u6nhywP'],03/04/2020,46.8,0.328,11,-9.328,0,0.0342,0.253,0,0.884,0.116,130.344,4
1aDCjyFTiY6EG9mbl7HMog,Casual,58,200038,0,"['Johnny Stimson', 'Jeff Bernat', 'Jesse Barrera']","['00OF0nwYaoBSO3AnPVq3vE', '2vVT4qoxWje0gVD2FiWZ4u', '51KbY36mrjHRQwvSbel74l']",22/05/2020,53,0.45,7,-10.006,1,0.168,0.393,0,0.207,0.412,67.467,4
5ucAIxeLD31zB4zIGYyBU6,Traptops,49,57259,0,['Traptop'],['7iiutLyCYpFbQw3nOCu57q'],09/12/2020,77.1,0.659,9,-10.659,0,0.0489,0.0274,0.846,0.0725,0.921,130.015,4
1FM9CNCjobC3LSNEEKuPkd,Amor de Rapariga,70,168659,0,"['Raí Saia Rodada', 'Tony Guerra']","['0NiaKn55OzJswiYevvlKfz', '1usT5Rtr5iz4gWLdkxIUhV']",26/06/2020,66.8,0.9,11,-2.183,0,0.038,0.564,1.66E-05,0.304,0.846,164.011,4
57mRYjtBCUVkMXidaUes2p,Stranger - Mixed,23,216000,0,['CRi'],['3NaMuUYTIGm6CC3YqTuTvi'],17/12/2020,57.7,0.816,9,-7.563,1,0.0326,0.00814,0.899,0.202,0.447,119.313,4
366RO7Xyf09HvGmawv0RYc,Cumplemes,34,189000,1,"[""At' Fat"", 'El Zeta', 'Dubosky', 'Italian Somali']","['455JBMYIT1lWf1Djj4rDc7', '24iSgjiesQ2bhUsHsav2uk', '6tMb6Fah1HWzlaHE9ylNGJ', '38VNGRG9Wz2FOBKAyA6HFv']",30/01/2020,57.9,0.804,5,-4.007,0,0.272,0.0407,0,0.328,0.82,93.482,4
3DMRYhTSu2pSVZ6lyMgMBy,<U+05EA><U+05DF> <U+05DC><U+05D9> <U+05DE><U+05E0><U+05D5><U+05D7><U+05D4>,39,213750,0,['Eden Meiri'],['4qXTQzszopFkaczDBQCowt'],17/09/2020,57.4,0.528,7,-8.31,0,0.03,0.757,0,0.121,0.175,127.822,5
35WzC52ftRZmANtQIqEUFu,Raise The Roof,58,192213,0,['NCT U'],['3paGCCtX1Xr4Gx53mSeZuQ'],23/11/2020,73.1,0.827,11,-5.067,1,0.0555,0.0611,0,0.143,0.517,109.973,4
4GA6tvAQtZb1ePDlQfKVOC,<U+518D><U+805A>,37,256628,0,['Eman Lam'],['3SJsybXfmMSrXcwpK56YuU'],28/08/2020,35,0.315,2,-9.716,1,0.0274,0.895,0.00018,0.129,0.107,72.087,4
018eOid2aGaPdxon7T6GsC,"Shayad (From ""Love Aaj Kal"")",68,247941,0,"['Pritam', 'Arijit Singh']","['1wRPtKGflJrBx9BmLsSwlU', '4YRxDV8wJFPHPTeXepOstw']",22/01/2020,48.7,0.456,8,-7.144,1,0.0319,0.789,1.79E-06,0.141,0.348,136.088,4
0LiSASDl1Os4c8JeiypsT8,Te Olvidé,64,185107,0,['Alejandro Fernández'],['6sq1yF0OZEWA4xoXVKW1L9'],17/01/2020,53.9,0.515,1,-5.997,1,0.0345,0.0433,0,0.0777,0.823,124.853,4
7AIj86wFWqm7X1TZ2hzHwS,<U+8679>,76,258733,0,['Masaki Suda'],['6n4SsAp5VjvIBg3s9QCcPX'],10/11/2020,54.8,0.6,5,-5.049,1,0.0297,0.071,0,0.192,0.296,143.961,4
30QR0ndUdiiMQMA9g1PGCm,"...And to Those I Love, Thanks for Sticking Around",80,168490,1,['$uicideboy$'],['1VPmR4DJC1PlOtd0IADAO0'],14/02/2020,79.2,0.511,2,-6.876,1,0.0409,0.124,9.04E-05,0.14,0.111,113.983,4
3D5UFWr3DjAxVJIlZ7RlXh,Zum Zum - Balken Remix,48,144000,1,"['Balken', 'ZK']","['6HSzwxpDlQc3ysjM6HcTeF', '4uvOZHqwKYuWz1ywTBN5En']",03/07/2020,76.5,0.844,1,-7.707,0,0.0406,0.477,0.0155,0.0809,0.637,125.007,4
6nVXt4m9hQiQKx6v2MSh3E,<U+05DB><U+05DC> <U+05DE><U+05D4> <U+05E9><U+05EA><U+05E8><U+05E6><U+05D4>,37,209500,0,['Shlomo Artzi'],['2W0dQPsEPd0tz7cj95gUse'],07/01/2020,48.3,0.437,2,-9.385,0,0.0449,0.853,0,0.104,0.537,79.478,4
1xfXXujIlLZAx5wpu46Nyk,Moon,73,208590,0,['BTS'],['3Nrfpe0tUJi4K4DXYWgMUX'],21/02/2020,70.3,0.646,6,-6.658,1,0.0596,0.0104,0,0.191,0.64,141.87,4
0TkZAnWFp0H8HgDoGSLRkJ,Embers,14,198904,0,"['Blue Wednesday', 'Aso']","['7185Q95lPFld0aoPqO6e0U', '45Ui3GdcxzbdJhhTtZLXO8']",20/12/2020,61.2,0.187,11,-23.287,1,0.535,0.619,0.902,0.0671,0.234,73.155,4
38oLPJMvxkUflwj1Si2Fks,<U+512A><U+3057><U+3055>,53,238600,0,['Fujii Kaze'],['6bDWAcdtVR3WHz2xtiIPUi'],17/04/2020,60.5,0.714,1,-6.835,1,0.0485,0.0845,0,0.0907,0.28,133.899,4
5by3TCFHK3YRQzxpR9PcZ0,Caribe,59,140786,1,"['VillaBanks', 'Linch', 'Brando Luis']","['3ASAxVN1hNoYfoMcIkzZWL', '0NWr9rFOUD5cFtprFySf5p', '4TPwT1hZ52JFhjpvIo7HIQ']",01/01/2020,93.2,0.419,0,-7.905,0,0.158,0.222,0,0.0798,0.49,139.962,4
01xjphWzvS5XQy2H2qSqmW,Wendy,64,121764,1,['Viko63'],['4ehP4q7oBt5xGv3Ep0O0MS'],28/07/2020,84.3,0.682,4,-9.781,1,0.111,0.0314,0.00177,0.0875,0.945,152.998,4
5Gj1wG8b12VQdEd3hUuSwo,Freedom,76,198635,0,"['Kygo', 'Zak Abel']","['23fqKkggKUBHNkbKtXEls4', '6Gk5hoM7eW8NSCYhICMDHw']",17/04/2020,71.5,0.635,7,-6.591,1,0.0791,0.127,0,0.0862,0.39,112.887,4
4XxfOvudrnBRdlgzEaq1sd,Born to Shine,67,213333,0,['Diljit Dosanjh'],['2FKWNmZWDBZR4dE5KX4plR'],29/07/2020,74.5,0.826,6,-4.339,0,0.0866,0.357,0,0.302,0.674,90.149,4
1e9kkCKM98LaYabp1FfvK6,Over My Dead Body,46,223445,0,['Blind Channel'],['3L58J6a7f0jyy2p6f3MSAs'],06/03/2020,58.9,0.878,1,-4.717,1,0.0418,2.70E-05,1.27E-06,0.294,0.347,112.97,4
1yOVxsH0yux1Gqsjb78xq3,Heart to Heart,63,158000,0,['Phil The Beat'],['35pKZ36ma78w8aE467fRO9'],26/06/2020,60.4,0.808,1,-5.428,0,0.108,0.106,0.0013,0.332,0.184,128.159,4
3U7ZJnQWAOLDGeqH9RKwgI,Egyetlen szó,43,211500,0,['Kaukázus'],['1jf18UNlvDrLdEixB3yXNo'],11/09/2020,74.8,0.614,7,-7.415,1,0.0408,0.325,0,0.17,0.476,120.001,4
7JqIhLtctfc6U96aovx1UX,Time Chakda,60,178495,0,"['Nimrat Khaira', 'Desi Crew']","['0ea0y5ZxnN5TbEDzNtx5Fk', '6lMIhndzcevFkVWSJnXPt2']",15/10/2020,81.3,0.645,6,-6,1,0.176,0.306,0,0.0899,0.854,73.915,4
7b9BLva0O3RlUoj7JSYg3o,Madame,51,181273,1,['Ant Wan'],['51TXQniEQkYh89tfLjiuSy'],02/04/2020,70.5,0.684,10,-6.518,1,0.104,0.384,0,0.106,0.424,80.041,4
48DCoNPFlnvRQhdrWjblUI,Senki Se Látta,39,174638,0,['AKC Misi'],['4pWRro00gdnq90CwBmSCtv'],14/11/2020,80.6,0.566,5,-8.466,0,0.198,0.379,0,0.111,0.383,95.051,4
7f8FPVZ0frAO4aWtgzGrXr,Contigo,59,170107,0,"['Nacho', 'Greeicy']","['2ayNSoKPCRAfjp6hQ76hRu', '5dbaLmK5SHLLg8Z4CcTJpX']",27/11/2020,87,0.811,2,-3.44,1,0.218,0.166,0,0.151,0.728,92.025,4
4n4yz5y49RHrH6zUY5aFry,<U+9EBB><U+96C0>,53,252757,0,['Ronghao Li'],['0rTP0x4vRFSDbhtqcCqc8K'],30/07/2020,62.2,0.509,2,-8.936,0,0.0235,0.619,0,0.0712,0.231,85.024,4
3849bon7IYEBYZnjYAqajA,Sorry Not Sorry (feat. Takt32 & badmómzjay),60,179000,1,"['Monet192', 'Takt32', 'badmómzjay']","['60uPSVM3svOL8kZ3Wkb3Zw', '1G7TGDJ01So6i6XNirnVS7', '7oWrEQO1d3klp0Qrfh7a5h']",06/11/2020,89.6,0.573,9,-7.394,1,0.305,0.0779,0.000116,0.282,0.494,130.215,4
732SnVmWa7qJqOPNbrqIr7,Elefant,61,173893,0,['LEA'],['5Yo5iU2nf4H41waPl4ZnS1'],29/05/2020,74.8,0.21,10,-9.858,0,0.0401,0.977,2.07E-05,0.109,0.285,79.053,4
5HB0UQhW1q3ePhMUN01Ugi,Head in the Clouds,42,138106,0,['Sleep Sleep Sleep'],['1OqVbmth0QR4OXPVPmIEyi'],09/06/2020,25.3,0.157,1,-34.773,1,0.0737,0.873,0.971,0.112,0.114,134.357,3
71zmg3Bha8bw0OD4zKjVP3,Metu Arbata,30,219685,0,['Baltasis Kiras'],['0s1dSEjjHtQyxxL2dUYWbz'],23/03/2020,79.2,0.146,6,-14.336,1,0.0996,0.717,0.000123,0.0851,0.891,92.025,4
1jYEmna5IWE3lOIqfVXPPl,<U+5982><U+5E38>,50,186001,0,['No Party For Cao Dong'],['3HXSUfI76zVZk71UMAeVfp'],26/06/2020,69.7,0.362,6,-12.477,0,0.0367,0.424,0.678,0.123,0.358,137.973,4
1n8aUthgn08iETVR0bCPg4,Ajj Kal Ve (Female Version),55,154515,0,"['Barbie Maan', 'Sidhu Moose Wala']","['0wsuu0i3CbgYaormvhnXat', '4PULA4EFzYTrxYvOVlwpiQ']",08/06/2020,67.1,0.484,8,-5.928,0,0.0407,0.596,3.49E-06,0.187,0.331,79.95,4
45t3Cu69GaHWSud3EoXJ21,ice baby,48,95422,1,['Viktor Sheen'],['4cG43cUBRJWWDsRh4SW48i'],17/10/2020,81.5,0.535,7,-7.947,0,0.412,0.745,1.80E-05,0.144,0.57,83.034,4
6VncQbwKJuTZ5DnBbXu721,Cinta Jangan Pergi,45,242330,0,['Azzam Sham'],['2Ep26gSoOUYsoSJN7R15Iw'],06/11/2020,46.6,0.378,2,-7.862,0,0.0258,0.617,0.000297,0.115,0.187,77.493,4
7ukaoNlqUpqUwtER7lHuMg,Influenza,56,268907,0,"['Taco Hemingway', 'Gruby Mielzky', 'Borucci']","['7CJgLPEqiIRuneZSolpawQ', '6f3oixxZSgRKOW2CSqOFqM', '6g2jl1lzwac64Q6pAI2PEt']",28/08/2020,75.9,0.678,6,-8.021,0,0.216,0.633,1.22E-06,0.0934,0.373,100.036,4
0VCMOOJ0TQ5I0TxJudTG42,Etsi Ke S' Evlepa,41,187000,0,['Nikiforos'],['3uNZcGFziYYu8twdT7pCs9'],31/07/2020,68.7,0.829,0,-6.503,0,0.0613,0.511,3.77E-05,0.154,0.641,129.131,4
0UZQIv2iJNIn8Z0IqFhEIw,1400,48,63066,0,['Paul Eskeland'],['0jlguf9mwTReYq3Yedn3K2'],06/06/2020,76.7,0.317,3,-9.719,0,0.0459,0.876,9.82E-06,0.213,0.537,136.986,4
0e4wC7k1gI5g7bJoVSHRic,Fé no pobre louco,65,177600,0,"['MC Marks', 'Mc Robs']","['04QHNiih9ZesPvals6II1h', '5jysNZ8I6vAiNTsFbrIj1K']",25/09/2020,60.9,0.735,3,-3.441,0,0.164,0.446,1.05E-06,0.119,0.215,199.525,4
1bhcXkWHWCsRWzarvbHQuV,Obscureis,29,141949,0,['Echereal'],['4uI3LfUdQ1oYfdeJN3OxdM'],07/08/2020,68.4,0.147,0,-16.385,1,0.0586,0.000709,0.674,0.078,0.636,119.909,4
2Nl3vx5qRnATIckVRZxb4T,<U+4F55><U+306A><U+3093>w,62,320640,0,['Fujii Kaze'],['6bDWAcdtVR3WHz2xtiIPUi'],20/05/2020,63.3,0.729,7,-7.113,1,0.13,0.394,0.000164,0.144,0.69,89.851,4
1IQlO72zK4nsOY0EEleVQc,Voor Altijd,52,177997,0,['Nass'],['2vmQP2rkDh9bcyzhP1YVKU'],11/12/2020,69.8,0.65,7,-6.06,0,0.118,0.852,0.0013,0.132,0.795,91.941,4
6xXRAi4JW9SzaM3b5R3Gbe,Bussin’,56,186480,0,"['AK-69', '¥ellow Bucks']","['4Wet9Sqa5LrEjBeV4k6edh', '1Fe6FA7A57suR2KAaERpqH']",02/08/2020,62.2,0.92,1,-4.415,1,0.0509,0.0849,0,0.0815,0.792,171.941,4
1B8x1qg9AAOMQ28oV5XFmM,<U+05D9><U+05E4><U+05D4> <U+05DC><U+05DA> <U+05E9><U+05DE><U+05D7>,43,230020,0,"['Elai Botner', 'Magi Azarzar']","['6E1teCjsYmOlunh0OoPPA0', '4mNGJrsZLbNxQO1gUexydA']",17/06/2020,54.2,0.624,6,-6.502,0,0.0367,0.558,0.000999,0.186,0.597,78.926,4
6JohwqKqPoPyGvczOKiqKj,"Papa's Got a Brand New Pig Bag - 132 Bpm, 32 Count Pro Edition",11,193333,0,['Gym Workout DJ Team'],['03Kgvh6NwIZHA8M3MKRTyg'],01/01/2020,52.3,0.997,9,-3.703,1,0.073,0.000307,0.972,0.0665,0.467,131.938,4
6VZMIyzOupI4vA68RaUgXb,Poco,77,225705,0,"['Reik', 'Christian Nodal']","['0vR2qb8m9WHeZ5ByCbimq2', '0XwVARXT135rw8lyw1EeWP']",25/11/2020,62.7,0.522,11,-5.08,1,0.0279,0.394,0,0.108,0.8,86.015,4
0gzu5mm36VJH2Zqu8sQPTf,Genda Phool (feat. Payal Dev),69,170769,0,"['Badshah', 'Payal Dev']","['0y59o4v8uw5crbN9M3JiL1', '6FtZhorjCMfkaVJ7kKdmq7']",26/03/2020,95.5,0.538,1,-8.394,1,0.0734,0.132,0.00146,0.0704,0.837,116.977,4
5urYiIXu1ZhfMAOsp7WDTc,"Dil Ko Karaar Aaya (From ""Sukoon"")",59,231487,0,"['Yasser Desai', 'Neha Kakkar', 'Rajat Nagpal']","['6RF8hEdlUKoLPQOHmBbHiM', '5f4QpKfy7ptCHwTqspnSJI', '4yxICw7joYAxRI2sTRldLB']",31/07/2020,55,0.448,11,-9.117,1,0.0366,0.777,0.000459,0.111,0.388,147.986,4
0HyUg9qRtBLzzbo0ZqfUu4,Heer Ranjha,54,261804,0,['Bhuvan Bam'],['5lfGXaGmQck7m2077vsKpy'],16/07/2020,53.9,0.547,2,-11.391,1,0.0345,0.842,0.00771,0.0774,0.175,97.066,3
5f1joOtoMeyppIcJGZQvqJ,Be Like That - feat. Swae Lee & Khalid,82,191406,0,"['Kane Brown', 'Swae Lee', 'Khalid']","['3oSJ7TBVCWMDMiYjXNiCKE', '1zNqQNIdeOUZHb8zbZRFMX', '6LuN9FCkKOj5PcnpouEgny']",10/07/2020,72.7,0.626,7,-8.415,1,0.0726,0.0469,2.58E-05,0.126,0.322,86.97,4
3Fni5ng7tbUr4dQVdYpeMx,Estilos Distintos,65,129083,0,['Grupo Maximo Grado'],['0ssx5sZQzc1nZZF2Ks8qXZ'],31/07/2020,70.8,0.804,6,-6.58,1,0.0899,0.241,0,0.167,0.773,113.784,3
6qmi7bapPoaIr0riLzoo29,Aparentemente 2,69,289120,1,"['Arcangel', 'De La Ghetto', 'Yaga & Mackie']","['4SsVbpTthjScTS7U2hmr1X', '3EiLUeyEcA6fbRPSHkG5kb', '16Juw2gfa9IxEL3Vu69cH7']",16/10/2020,83.9,0.734,9,-5.427,1,0.0541,0.0932,0,0.196,0.902,94.023,4
1fCVK4BOa54cOSufmipxjw,Adakah Kau Mendengar?,46,221000,0,['ALYPH'],['3qeuv2ijwaAcbX3KVMJfuj'],04/12/2020,42,0.335,1,-13.978,0,0.0871,0.0871,0.00516,0.124,0.114,159.94,4
3VtnEZdLCc5Ui3STsK2Ah3,Magic hour,43,265692,0,['T_047'],['5qO3EBbmjdcKnUbqd8JBIJ'],15/12/2020,69.8,0.438,0,-8.804,1,0.0381,0.671,0.00088,0.155,0.447,116.975,4
1VZza5Fp2d1TZRMC28CVQM,<U+90FD><U+602A><U+6211>,55,305063,0,['<U+80E1>66'],['0iMFttJ05HMGTKWRPHlFOF'],28/05/2020,48.9,0.517,2,-7.129,1,0.0361,0.735,4.45E-05,0.141,0.197,187.91,4
6UU24wuWgGwuSBAxDH866Z,Ma Vie (feat. Yay),71,233301,1,"['Kidd Keo', 'Yay']","['0VZrPa7mWAYXH4CwmYk8Km', '65UC5VKwU4vBSBSHckQd5l']",12/06/2020,93.6,0.825,1,-4.928,1,0.189,0.00612,0.0017,0.0703,0.843,123.991,4
4NGSzMAklZOJVIB12J3Rup,<U+9006><U+5149>,46,195228,0,['Kimberley Chen'],['1dVbVQZjRGDjQmHD8oiS8k'],22/05/2020,38.2,0.648,4,-6.354,1,0.046,0.406,0,0.28,0.184,89.607,4
3s16pawjq0MQVgv2MG08dz,Sem Ti,50,226047,0,"['Fernando Daniel', 'Agir']","['3Cpjz5dY9HNR41QuMn3oYC', '6CDebPALpa0iwJyx0IgnaC']",03/12/2020,57.3,0.548,7,-6.759,1,0.0409,0.0984,0,0.0603,0.26,86.071,4
2ZrZyoZJub4kQyIXmxl47l,Me Prendes,66,217182,1,['Eslabon Armado'],['0XeEobZplHxzM9QzFQWLiR'],06/04/2020,69,0.633,8,-7.736,0,0.0319,0.243,0,0.0648,0.884,102.107,3
3xf3Ji3kDHH62sYK662mwS,<U+8D64><U+306E><U+540C><U+76DF>,53,249768,0,['Tokyo Incidents'],['6KQWWzFLPQbqomJrieHAW5'],12/08/2020,40.3,0.917,7,-3.838,1,0.0825,0.00595,0.00217,0.105,0.399,169.656,4
3sJqXvTpUcOXNhuOn2QIQ5,<U+5016><U+5B58><U+8005>,53,281910,0,['JJ Lin'],['7Dx7RhX0mFuXhCOUgB01uM'],20/10/2020,35.4,0.464,11,-8.045,1,0.0283,0.581,0,0.135,0.264,138.294,4
76GQsOifRpppfQoiMoCG16,Merais,47,332130,0,['K-Clique'],['06RrXcTszCm5il0HKCD3Dh'],18/07/2020,73.2,0.75,5,-3.917,0,0.222,0.467,0,0.541,0.449,135.12,4
7o1sqyqK6IgzU30vTj2nyy,Be Around,53,195773,0,['Ocie Elliott'],['5jbk18C7YXRcEZxUWPJCyT'],06/03/2020,86.3,0.228,11,-14.891,1,0.0408,0.848,0.0377,0.112,0.322,96.058,4
4Z93atas4aeGcziHBNVpbD,Unfollow,52,151448,0,"[""What's Up"", 'Laura Vass', 'Jador']","['0b9WsUtumqqaRg8uHn3dDm', '4ZknxfV6pMMTWCESLnra6X', '6o6jMpcBBv4jMOEE1Z4tlJ']",16/12/2020,74.6,0.879,7,-4.206,0,0.0311,0.389,0.00291,0.143,0.917,145.019,4
6IzIKMx8L9wTsYeGeYkr72,Projection,40,102400,0,['Piandraft'],['7bAQbFqASaxRnL2GFLgwyk'],07/04/2020,82.6,0.527,1,-10.709,1,0.55,0.401,0.273,0.262,0.774,93.986,4
5MAH3S6cWwf4e3bCNjLEQI,<U+05DE><U+05D9><U+05E9><U+05D4><U+05D9> <U+05D0><U+05D7><U+05E8><U+05EA>,38,180315,0,['Sarit Avitan'],['6Jo65JMRNuJksETdITc9rO'],01/12/2020,76.1,0.546,9,-6.571,0,0.143,0.368,0,0.0731,0.625,132.324,4
1JPd9BSiiN7xrKE64Qo30m,Einsam an der Spitze,63,171147,0,['Capital Bra'],['4WZGDpNwrC0vNQyl9QzF7d'],17/09/2020,73.8,0.706,4,-4.839,0,0.298,0.262,0,0.161,0.541,80.092,4
73AvmbccSoMdjaurn1JnuI,Salam Alaikum (feat. 7ari & Steve Aoki),58,149969,1,"['Sfera Ebbasta', '7ari', 'Steve Aoki']","['23TFHmajVfBtlRx5MXqgoz', '292jMVlKq180yzi8WRaVU6', '77AiFEVeAVj2ORpC85QVJs']",18/12/2020,82,0.628,1,-5.8,0,0.0683,0.0402,0.0262,0.0935,0.495,110.002,4
6xmllRxAVXF6il4BOO7GNG,ON,64,246381,0,['BTS'],['3Nrfpe0tUJi4K4DXYWgMUX'],28/02/2020,58.3,0.817,9,-5.146,0,0.0987,0.118,0,0.338,0.438,105.936,4
59iaqF7XLiSXmI9Mz7Xcu8,Anoche Me Enamoré,61,139813,0,['Christian Nodal'],['0XwVARXT135rw8lyw1EeWP'],29/05/2020,67.3,0.565,4,-3.971,1,0.031,0.661,2.44E-06,0.151,0.96,136.1,4
24DhB7nuaZEaofV2kJAXsn,Nu Pot Sa Nu Pot,37,153692,1,['Oscar'],['6dKPNkSEQOrRRvZz63Y47F'],27/12/2020,75.3,0.559,1,-9.703,1,0.238,0.0538,0,0.319,0.198,130.882,3
4DIeKIPrZfqmb1XBfV5feA,Les Vacances,14,137167,0,['sadtoi'],['7G6bYv9rdldB4mNddVd2yy'],20/12/2020,46,0.303,5,-14.08,1,0.0474,0.43,0.578,0.135,0.0928,79.886,4
3VTKwL1uS2JGotaJA4oXXB,Pretty Savage,56,199122,0,['BLACKPINK'],['41MozSoPIsD1dJM0CLPjZF'],02/10/2020,69.9,0.588,9,-6.533,0,0.0402,0.00807,0.000131,0.107,0.35,151.971,4
1Q2ebj4xoyyGiGHYPGbXJU,From Home,64,260320,0,['NCT U'],['3paGCCtX1Xr4Gx53mSeZuQ'],12/10/2020,62.2,0.859,1,-3.034,1,0.0563,0.516,0,0.361,0.457,131.989,4
6OjSqRwvwPZy99Z7lA8CIY,On The Beach,59,188847,0,['Jubël'],['4FcZfItjVIsfO9TynErl7X'],27/03/2020,73.7,0.768,7,-4.207,0,0.0434,0.0102,0.000379,0.0961,0.614,122.009,4
0ff7MSTK8Y0b92TQCxjhm4,Interlude : Shadow,52,259821,0,['BTS'],['3Nrfpe0tUJi4K4DXYWgMUX'],28/02/2020,38.5,0.798,9,-6.439,0,0.483,0.115,0,0.181,0.141,149.756,4
1dUk8cwy9R1yPtpOjlqq4z,Feel Special - Japanese ver.,52,209480,0,['TWICE'],['7n2Ycct7Beij7Dj7meI4X0'],16/09/2020,70.7,0.951,1,-1.608,1,0.0522,0.0389,0.000113,0.129,0.696,128.993,4
73eoKpRypm2f9SEXdKMcec,Drop It,43,163773,0,['Mäkki'],['2510ceejHZpIpxbGpiovch'],24/07/2020,78.5,0.688,1,-5.519,1,0.0908,0.15,0,0.0657,0.492,102.012,4
4r0bFTDzTjl9bnd5mF2Omt,Blinding Lights 2020,54,219907,0,['Alfons'],['5f5mH9BDkeyXmDbzevu38d'],17/04/2020,78.5,0.69,7,-7.237,1,0.0715,0.0249,3.00E-04,0.277,0.389,128.005,4
6wJYhPfqk3KGhHRG76WzOh,Blueberry Faygo,83,162547,1,['Lil Mosey'],['5zctI4wO9XSKS8XwcnqEHk'],07/02/2020,77.4,0.554,0,-7.909,1,0.0383,0.207,0,0.132,0.349,99.034,4
2fuA2bAFbVidQUdCiLjuG7,A nie pamietasz jak?,62,253987,1,"['SB Maffija', 'Mata', 'White 2115', 'Jan-Rapowanie', 'Janusz Walczuk', 'Kacperczyk', 'Beteo']","['0AEQNlJAZeghMaFyIYfrQG', '0MIG6gMcQTSvFbKvUwK0id', '4nPxrGG7k7aEKmNLsfX4cd', '43yekIowVCHkR6TGGg9gSp', '44FnIf8PhG6EQRIoENsXu3', '2XsHanVw1onfSpTECII15X', '0kh9Gvy9lGZsq84x7I37DC']",18/09/2020,84.7,0.567,11,-8.162,0,0.396,0.27,0,0.0694,0.706,90.981,4
7f5SeKPwJm4eM4GcngH2SX,Cárcel,55,159120,0,['Juanka'],['3Wb38LDP3N4tkobValgE9D'],13/03/2020,83.1,0.92,2,-2.951,1,0.0937,0.262,0.00207,0.354,0.263,101.016,4
7zHrR46tS0KZ6kBTXyQmEz,Rindu Aku Rindu Kamu,53,272284,0,"['Dara Ayu', 'Bajol Ndanu']","['1nAdzqW8RvYMugm6eDs9Lx', '6ryObY5OCY1z42kWIOzh3h']",12/02/2020,83.5,0.75,3,-6.191,0,0.0295,0.0493,0.00236,0.1,0.881,106.084,4
5Q2UellLSilgE4IECvdHhu,Myndir,25,238347,0,['Ásgeir'],['7xUZ4069zcyBM4Bn10NQ1c'],07/02/2020,57.6,0.3,2,-12.563,1,0.0278,0.855,0.604,0.104,0.24,143.909,4
6p673elvG4JSEaiKhU9l26,Bell Bottom,53,236000,0,"['Baani Sandhu', 'Gur Sidhu', 'Mankirt Aulakh']","['3tDW6dCyLHiuOq5eKnHCW3', '0QntOArZgiNHoemAzwJPu5', '3uHUKCspaCzAab9A3LlGAr']",31/10/2020,72.5,0.763,9,-4.032,0,0.251,0.172,0,0.192,0.775,83.495,4
46WxSL1iEIRG3GAEsoE8HT,El Peor de Todos,38,212735,0,['Martín Quiroga'],['5jK8mbiICsPLYz9wYOlCdw'],15/05/2020,69.2,0.703,4,-4.148,0,0.0686,0.261,0,0.0783,0.733,107.611,4
1exkK673bBDyyRANB5tEpL,<U+0417><U+0430> <U+0432><U+0441><U+0438><U+0447><U+043A><U+0438> <U+0431><U+0438><U+0432><U+0448><U+0438>,35,213580,0,"['Galin', 'Madjuna', 'Adam']","['5amPFw5XVlNzP7uSKBXtai', '0dzqNEf8zaVrmB4u0fUFtC', '696J4fiOALx5ifVKv10VbK']",06/10/2020,72.8,0.832,11,-4.208,0,0.238,0.0434,0,0.122,0.618,175.974,4
10y0q9ys5yOQA4jGU7daz3,El Trato,57,211500,0,"['Cruzando El Charco', 'Coti']","['4STEdt6oH8RopaxpfWrO5Z', '1OUDQLymoysITxprkd0Qvj']",13/11/2020,50,0.232,5,-11.829,1,0.0271,0.943,0.000197,0.108,0.351,80,4
1WjQsEltdj3I1i9ex83AJ2,<U+0E41><U+0E04><U+0E48><U+0E44><U+0E21><U+0E48><U+0E2D><U+0E22><U+0E32><U+0E01><U+0E40><U+0E2B><U+0E47><U+0E19> (Tears),40,245875,0,['The White Hair Cut'],['2uL9cdYQwaJbvudGv4VxOc'],18/06/2020,57.6,0.812,5,-5.701,1,0.0479,0.324,0.000192,0.0663,0.4,193.89,4
6hczh7Zh4ZJzWw52X5Ne1J,RISING SOUL,52,247365,0,['J SOUL BROTHERS III'],['1g51NlHKUXlgfvGP22m0uD'],10/11/2020,65.7,0.857,0,-3.46,1,0.036,0.0069,5.01E-06,0.276,0.722,146.966,4
0LQF85Yt5Q4msjImIMshbL,Talk 2 Me,61,150667,1,['Yasin'],['6rYEqmajzlhGVaayOJ2bpJ'],04/12/2020,81.4,0.643,9,-7.946,1,0.0563,0.311,1.97E-06,0.106,0.269,90.008,4
0cpsktCQ7yTvzk4oIDP8ar,<U+043C><U+0435><U+043B><U+043E><U+0447><U+044C>,53,214917,0,['<U+043A><U+0438><U+0441>-<U+043A><U+0438><U+0441>'],['4jIvmo6hfAQ04NSOWPVVA3'],25/09/2020,46.2,0.729,1,-6.412,0,0.0351,0.000887,7.12E-05,0.139,0.543,171.07,4
1OEN5wnzICsfdDOGbwaAdb,Riptide,64,137130,0,['VAX'],['6cQVcprcYDxGM79YmyCkcQ'],13/11/2020,48.4,0.18,6,-11.075,1,0.0417,0.795,0,0.266,0.257,76.969,1
6s27C7yI8gwZA01WSy3WXG,Dadinho,61,208587,1,"['Lacrim', 'Ninho']","['7DUTsWY3RBd64vh8UtgtYA', '6Te49r3A6f5BiIgBRxH7FH']",15/10/2020,82.4,0.574,0,-7.05,1,0.473,0.461,0,0.0679,0.356,124.108,4
298c1ARVX00N2RV2dYdcKl,<U+0417><U+0432><U+0435><U+0437><U+0434><U+0430> <U+0443><U+043F><U+0430><U+043B><U+0430>,56,202759,0,['MAYOT'],['3KtiWEUyKC5lgHedcN6y6C'],04/09/2020,75,0.354,5,-8.851,0,0.0503,0.374,0,0.373,0.201,86.966,4
